No,No KK,NIK,Nama Lengkap,Hubungan Keluarga,Jenis Kelamin,Tempat Lahir,Tanggal Lahir,Umur (Tahun),Agama,Status Perkawinan,Partisipasi Sekolah,Pendidikan Tertinggi,Kegiatan Utama,Lapangan Pekerjaan,Estimasi Pendapatan Bulanan (Rp),Jaminan Kesehatan,Disabilitas,Provinsi,Kabupaten/Kota,Kecamatan,Kelurahan/Desa,Alamat Domisili,Status Kepemilikan Bangunan,Luas Lantai (m2),Sumber Air Minum,Daya Listrik,Fasilitas Sanitasi
1,3273010106241001,3273012102630046,Andi Nasution,Kepala Keluarga,Laki-laki,Bandung,21/02/1963,61,Islam,Kawin,Tidak Bersekolah Lagi,Diploma (D1-D3),Bekerja,Wiraswasta / Pedagang,3750000,BPJS Non-PBI / Mandiri,Tidak,Jawa Barat,Kota Bandung,Coblong,Dago,"Jl. Sudirman No. 29, RT 001/RW 005",Milik Sendiri,45,Sumur Terlindung,PLN 450 VA,Jamban Sendiri
2,3273010106241001,3273015002620049,Eka Batubara,Istri,Perempuan,Bandung,10/02/1962,62,Islam,Kawin,Tidak Bersekolah Lagi,SD / Sederajat,Mengurus Rumah Tangga,Mengurus Rumah Tangga,0,Asuransi Swasta,Tidak,Jawa Barat,Kota Bandung,Coblong,Dago,"Jl. Sudirman No. 29, RT 001/RW 005",Milik Sendiri,45,Sumur Terlindung,PLN 450 VA,Jamban Sendiri
3,3273010106241001,3273011303990047,Irfan Nasution,Anak,Laki-laki,Bandung,13/03/1999,25,Islam,Kawin,Tidak Bersekolah Lagi,SMA / SMK / MA,Bekerja,Petani / Pekebun,1900000,BPJS Non-PBI / Mandiri,Tidak,Jawa Barat,Kota Bandung,Coblong,Dago,"Jl. Sudirman No. 29, RT 001/RW 005",Milik Sendiri,45,Sumur Terlindung,PLN 450 VA,Jamban Sendiri
4,3273010106241001,3273015202190011,Wati Nasution,Anak,Perempuan,Bandung,12/02/2019,5,Islam,Belum Kawin,Masih Sekolah,PAUD / TK,Tidak Bekerja,Belum / Tidak Bekerja,0,Asuransi Swasta,Tidak,Jawa Barat,Kota Bandung,Coblong,Dago,"Jl. Sudirman No. 29, RT 001/RW 005",Milik Sendiri,45,Sumur Terlindung,PLN 450 VA,Jamban Sendiri
5,3273010106241001,3273012011200049,Hendra Nasution,Anak,Laki-laki,Bandung,20/11/2020,3,Islam,Belum Kawin,Belum Pernah Sekolah,Tidak / Belum Sekolah,Tidak Bekerja,Belum / Tidak Bekerja,0,BPJS Non-PBI / Mandiri,Tidak,Jawa Barat,Kota Bandung,Coblong,Dago,"Jl. Sudirman No. 29, RT 001/RW 005",Milik Sendiri,45,Sumur Terlindung,PLN 450 VA,Jamban Sendiri
6,1271010106241002,1271010502950028,Dwi Harahap,Kepala Keluarga,Laki-laki,Medan,05/02/1995,29,Islam,Kawin,Tidak Bersekolah Lagi,Sarjana (S1/D4),Bekerja,Wiraswasta / Pedagang,8300000,BPJS Non-PBI / Mandiri,Tidak,Sumatera Utara,Kota Medan,Medan Baru,Padang Bulan,"Jl. Gatot Subroto No. 27, RT 003/RW 006",Milik Sendiri,45,PAM / Ledeng,PLN 1300 VA,Jamban Sendiri
7,1271010106241002,1271014911940083,Ratna Saputra,Istri,Perempuan,Medan,09/11/1994,29,Islam,Kawin,Tidak Bersekolah Lagi,SMA / SMK / MA,Mengurus Rumah Tangga,Mengurus Rumah Tangga,0,BPJS Non-PBI / Mandiri,Tidak,Sumatera Utara,Kota Medan,Medan Baru,Padang Bulan,"Jl. Gatot Subroto No. 27, RT 003/RW 006",Milik Sendiri,45,PAM / Ledeng,PLN 1300 VA,Jamban Sendiri
8,3578010106241003,3578012910540056,Arif Permana,Kepala Keluarga,Laki-laki,Surabaya,29/10/1954,69,Islam,Kawin,Tidak Bersekolah Lagi,SD / Sederajat,Pensiunan / Tidak Bekerja,Pensiunan,2500000,BPJS Non-PBI / Mandiri,Tidak,Jawa Timur,Kota Surabaya,Gubeng,Airlangga,"Jl. Pahlawan No. 115, RT 012/RW 010",Milik Sendiri,90,Air Kemasan / Isi Ulang,PLN 1300 VA,Jamban Sendiri
9,3578010106241003,3578015711580065,Ayu Wahyudi,Istri,Perempuan,Surabaya,17/11/1958,65,Islam,Kawin,Tidak Bersekolah Lagi,Sarjana (S1/D4),Pensiunan / Tidak Bekerja,Pensiunan,1500000,BPJS Non-PBI / Mandiri,Tidak,Jawa Timur,Kota Surabaya,Gubeng,Airlangga,"Jl. Pahlawan No. 115, RT 012/RW 010",Milik Sendiri,90,Air Kemasan / Isi Ulang,PLN 1300 VA,Jamban Sendiri
10,3578010106241003,3578010504020070,Andi Permana,Anak,Laki-laki,Surabaya,05/04/2002,22,Islam,Belum Kawin,Masih Sekolah,Sarjana (S1/D4),Sekolah,Pelajar / Mahasiswa,0,BPJS Non-PBI / Mandiri,Tidak,Jawa Timur,Kota Surabaya,Gubeng,Airlangga,"Jl. Pahlawan No. 115, RT 012/RW 010",Milik Sendiri,90,Air Kemasan / Isi Ulang,PLN 1300 VA,Jamban Sendiri
11,3578010106241003,3578015012980015,Dian Permana,Anak,Perempuan,Surabaya,10/12/1998,25,Islam,Kawin,Tidak Bersekolah Lagi,Sarjana (S1/D4),Bekerja,Guru / Dosen,6400000,BPJS PBI (Bantuan Pemerintah),Tidak,Jawa Timur,Kota Surabaya,Gubeng,Airlangga,"Jl. Pahlawan No. 115, RT 012/RW 010",Milik Sendiri,90,Air Kemasan / Isi Ulang,PLN 1300 VA,Jamban Sendiri
12,1371010106241004,1371016002520009,Tia Purnomo,Kepala Keluarga,Perempuan,Padang,20/02/1952,72,Islam,Kawin,Tidak Bersekolah Lagi,Sarjana (S1/D4),Bekerja,Petani / Pekebun,3650000,BPJS Non-PBI / Mandiri,Tidak,Sumatera Barat,Kota Padang,Padang Barat,Flamboyan Baru,"Jl. Kenanga No. 105, RT 002/RW 002",Milik Sendiri,200,PAM / Ledeng,PLN 900 VA,Jamban Sendiri
13,1371010106241004,1371012311500028,Jamal Handayani,Suami,Laki-laki,Padang,23/11/1950,73,Islam,Kawin,Tidak Bersekolah Lagi,SMA / SMK / MA,Bekerja,Wiraswasta / Pedagang,2500000,BPJS Non-PBI / Mandiri,Tidak,Sumatera Barat,Kota Padang,Padang Barat,Flamboyan Baru,"Jl. Kenanga No. 105, RT 002/RW 002",Milik Sendiri,200,PAM / Ledeng,PLN 900 VA,Jamban Sendiri
14,1371010106241004,1371011112200025,Budi Purnomo,Anak,Laki-laki,Padang,11/12/2020,3,Islam,Belum Kawin,Belum Pernah Sekolah,Tidak / Belum Sekolah,Tidak Bekerja,Belum / Tidak Bekerja,0,BPJS Non-PBI / Mandiri,Tidak,Sumatera Barat,Kota Padang,Padang Barat,Flamboyan Baru,"Jl. Kenanga No. 105, RT 002/RW 002",Milik Sendiri,200,PAM / Ledeng,PLN 900 VA,Jamban Sendiri
15,1371010106241004,1371013005290046,Fajar Pratama,Orang Tua / Mertua,Laki-laki,Padang,30/05/1929,95,Islam,Kawin,Tidak Bersekolah Lagi,SMA / SMK / MA,Pensiunan / Tidak Bekerja,Pensiunan,0,Tidak Memiliki,Tidak,Sumatera Barat,Kota Padang,Padang Barat,Flamboyan Baru,"Jl. Kenanga No. 105, RT 002/RW 002",Milik Sendiri,200,PAM / Ledeng,PLN 900 VA,Jamban Sendiri
16,3273010106241005,3273011304630008,Eko Saputra,Kepala Keluarga,Laki-laki,Bandung,13/04/1963,61,Islam,Kawin,Tidak Bersekolah Lagi,SD / Sederajat,Bekerja,Pegawai Negeri Sipil (PNS),7100000,BPJS Non-PBI / Mandiri,Tidak,Jawa Barat,Kota Bandung,Coblong,Dago,"Jl. Gatot Subroto No. 103, RT 001/RW 007",Sewa / Kontrak,60,Sumur Bor / Pompa,PLN 450 VA,Jamban Sendiri
17,3273010106241005,3273016505600059,Sri Simanjuntak,Istri,Perempuan,Bandung,25/05/1960,64,Islam,Kawin,Tidak Bersekolah Lagi,SMP / Sederajat,Bekerja,Petani / Pekebun,3450000,BPJS Non-PBI / Mandiri,Tidak,Jawa Barat,Kota Bandung,Coblong,Dago,"Jl. Gatot Subroto No. 103, RT 001/RW 007",Sewa / Kontrak,60,Sumur Bor / Pompa,PLN 450 VA,Jamban Sendiri
18,3273010106241005,3273015302080020,Anisa Saputra,Anak,Perempuan,Bandung,13/02/2008,16,Islam,Belum Kawin,Masih Sekolah,SMA / SMK / MA,Sekolah,Pelajar / Mahasiswa,0,Tidak Memiliki,Tidak,Jawa Barat,Kota Bandung,Coblong,Dago,"Jl. Gatot Subroto No. 103, RT 001/RW 007",Sewa / Kontrak,60,Sumur Bor / Pompa,PLN 450 VA,Jamban Sendiri
19,1371010106241006,1371010202940041,Gilang Hidayat,Kepala Keluarga,Laki-laki,Padang,02/02/1994,30,Hindu,Kawin,Tidak Bersekolah Lagi,Sarjana (S1/D4),Bekerja,Pengemudi Ojek Online / Transportasi,2550000,Tidak Memiliki,Tidak,Sumatera Barat,Kota Padang,Padang Barat,Flamboyan Baru,"Jl. Merdeka No. 96, RT 012/RW 009",Milik Sendiri,36,Sumur Bor / Pompa,PLN 2200 VA+,Jamban Sendiri
20,1371010106241006,1371015508970013,Mega Kusuma,Istri,Perempuan,Padang,15/08/1997,26,Hindu,Kawin,Tidak Bersekolah Lagi,SD / Sederajat,Mengurus Rumah Tangga,Mengurus Rumah Tangga,0,Asuransi Swasta,Tidak,Sumatera Barat,Kota Padang,Padang Barat,Flamboyan Baru,"Jl. Merdeka No. 96, RT 012/RW 009",Milik Sendiri,36,Sumur Bor / Pompa,PLN 2200 VA+,Jamban Sendiri
21,1371010106241006,1371015708130009,Andi Tenri Hidayat,Anak,Perempuan,Padang,17/08/2013,10,Hindu,Belum Kawin,Masih Sekolah,SD / Sederajat,Tidak Bekerja,Belum / Tidak Bekerja,0,BPJS PBI (Bantuan Pemerintah),Tidak,Sumatera Barat,Kota Padang,Padang Barat,Flamboyan Baru,"Jl. Merdeka No. 96, RT 012/RW 009",Milik Sendiri,36,Sumur Bor / Pompa,PLN 2200 VA+,Jamban Sendiri
22,1371010106241006,1371015802190021,Utami Hidayat,Anak,Perempuan,Padang,18/02/2019,5,Hindu,Belum Kawin,Masih Sekolah,PAUD / TK,Tidak Bekerja,Belum / Tidak Bekerja,0,BPJS Non-PBI / Mandiri,Tidak,Sumatera Barat,Kota Padang,Padang Barat,Flamboyan Baru,"Jl. Merdeka No. 96, RT 012/RW 009",Milik Sendiri,36,Sumur Bor / Pompa,PLN 2200 VA+,Jamban Sendiri
23,1371010106241006,1371011211690039,Joko Chaniago,Orang Tua / Mertua,Laki-laki,Padang,12/11/1969,54,Hindu,Cerai Mati,Tidak Bersekolah Lagi,SMA / SMK / MA,Bekerja,Karyawan BUMN,13350000,BPJS Non-PBI / Mandiri,Tidak,Sumatera Barat,Kota Padang,Padang Barat,Flamboyan Baru,"Jl. Merdeka No. 96, RT 012/RW 009",Milik Sendiri,36,Sumur Bor / Pompa,PLN 2200 VA+,Jamban Sendiri
24,3578010106241007,3578011604950010,Irfan Sinaga,Kepala Keluarga,Laki-laki,Surabaya,16/04/1995,29,Islam,Kawin,Tidak Bersekolah Lagi,Sarjana (S1/D4),Bekerja,Petani / Pekebun,2100000,BPJS Non-PBI / Mandiri,Tidak,Jawa Timur,Kota Surabaya,Gubeng,Airlangga,"Jl. Melati No. 34, RT 015/RW 002",Milik Sendiri,45,PAM / Ledeng,PLN 900 VA,Jamban Sendiri
25,3578010106241007,3578015005960075,Siti Sitorus,Istri,Perempuan,Surabaya,10/05/1996,28,Islam,Kawin,Tidak Bersekolah Lagi,SMA / SMK / MA,Mengurus Rumah Tangga,Mengurus Rumah Tangga,0,BPJS PBI (Bantuan Pemerintah),Tidak,Jawa Timur,Kota Surabaya,Gubeng,Airlangga,"Jl. Melati No. 34, RT 015/RW 002",Milik Sendiri,45,PAM / Ledeng,PLN 900 VA,Jamban Sendiri
26,3578010106241007,3578015910200006,Maya Sinaga,Anak,Perempuan,Surabaya,19/10/2020,3,Islam,Belum Kawin,Belum Pernah Sekolah,Tidak / Belum Sekolah,Tidak Bekerja,Belum / Tidak Bekerja,0,BPJS PBI (Bantuan Pemerintah),Tidak,Jawa Timur,Kota Surabaya,Gubeng,Airlangga,"Jl. Melati No. 34, RT 015/RW 002",Milik Sendiri,45,PAM / Ledeng,PLN 900 VA,Jamban Sendiri
27,3578010106241007,3578016905150032,Dian Sinaga,Anak,Perempuan,Surabaya,29/05/2015,9,Islam,Belum Kawin,Masih Sekolah,SD / Sederajat,Tidak Bekerja,Belum / Tidak Bekerja,0,BPJS PBI (Bantuan Pemerintah),Tidak,Jawa Timur,Kota Surabaya,Gubeng,Airlangga,"Jl. Melati No. 34, RT 015/RW 002",Milik Sendiri,45,PAM / Ledeng,PLN 900 VA,Jamban Sendiri
28,6471010106241008,6471012601560090,Tri Sitorus,Kepala Keluarga,Laki-laki,Balikpapan,26/01/1956,68,Islam,Belum Kawin,Tidak Bersekolah Lagi,SD / Sederajat,Bekerja,Wiraswasta / Pedagang,2450000,Asuransi Swasta,Tidak,Kalimantan Timur,Kota Balikpapan,Balikpapan Kota,Klandasan Ulu,"Jl. Garuda No. 96, RT 015/RW 007",Milik Sendiri,60,Air Kemasan / Isi Ulang,PLN 1300 VA,Jamban Sendiri
29,1271010106241009,1271011905770005,Imam Gunawan,Kepala Keluarga,Laki-laki,Medan,19/05/1977,47,Islam,Kawin,Tidak Bersekolah Lagi,SD / Sederajat,Bekerja,Karyawan Swasta,9750000,Tidak Memiliki,Tidak,Sumatera Utara,Kota Medan,Medan Baru,Padang Bulan,"Jl. Sudirman No. 4, RT 005/RW 004",Milik Sendiri,120,Sumur Terlindung,PLN 2200 VA+,Jamban Sendiri
30,1271010106241009,1271014303780015,Kusuma Sinaga,Istri,Perempuan,Medan,03/03/1978,46,Islam,Kawin,Tidak Bersekolah Lagi,SMA / SMK / MA,Bekerja,Karyawan Swasta,11800000,Asuransi Swasta,Tidak,Sumatera Utara,Kota Medan,Medan Baru,Padang Bulan,"Jl. Sudirman No. 4, RT 005/RW 004",Milik Sendiri,120,Sumur Terlindung,PLN 2200 VA+,Jamban Sendiri
31,6471010106241010,6471012903630060,Nugroho Susanto,Kepala Keluarga,Laki-laki,Balikpapan,29/03/1963,61,Islam,Kawin,Tidak Bersekolah Lagi,SMA / SMK / MA,Bekerja,Petani / Pekebun,2850000,Asuransi Swasta,Tidak,Kalimantan Timur,Kota Balikpapan,Balikpapan Kota,Klandasan Ulu,"Jl. Gatot Subroto No. 56, RT 011/RW 004",Milik Sendiri,90,Sumur Bor / Pompa,PLN 450 VA,Jamban Bersama
32,6471010106241010,6471016011610095,Hesti Chaniago,Istri,Perempuan,Balikpapan,20/11/1961,62,Islam,Kawin,Tidak Bersekolah Lagi,SD / Sederajat,Mengurus Rumah Tangga,Mengurus Rumah Tangga,0,BPJS Non-PBI / Mandiri,Tidak,Kalimantan Timur,Kota Balikpapan,Balikpapan Kota,Klandasan Ulu,"Jl. Gatot Subroto No. 56, RT 011/RW 004",Milik Sendiri,90,Sumur Bor / Pompa,PLN 450 VA,Jamban Bersama
33,6471010106241010,6471010701140043,Oki Susanto,Anak,Laki-laki,Balikpapan,07/01/2014,10,Islam,Belum Kawin,Masih Sekolah,SD / Sederajat,Tidak Bekerja,Belum / Tidak Bekerja,0,Tidak Memiliki,Tidak,Kalimantan Timur,Kota Balikpapan,Balikpapan Kota,Klandasan Ulu,"Jl. Gatot Subroto No. 56, RT 011/RW 004",Milik Sendiri,90,Sumur Bor / Pompa,PLN 450 VA,Jamban Bersama
34,6471010106241010,6471015008970031,Widya Susanto,Anak,Perempuan,Balikpapan,10/08/1997,26,Islam,Kawin,Tidak Bersekolah Lagi,SMA / SMK / MA,Bekerja,Karyawan Swasta,7850000,BPJS PBI (Bantuan Pemerintah),Tidak,Kalimantan Timur,Kota Balikpapan,Balikpapan Kota,Klandasan Ulu,"Jl. Gatot Subroto No. 56, RT 011/RW 004",Milik Sendiri,90,Sumur Bor / Pompa,PLN 450 VA,Jamban Bersama
35,7371010106241011,7371011009530072,Krisna Nugraha,Kepala Keluarga,Laki-laki,Makassar,10/09/1953,70,Islam,Belum Kawin,Tidak Bersekolah Lagi,SMP / Sederajat,Bekerja,Wiraswasta / Pedagang,2050000,BPJS Non-PBI / Mandiri,Tidak,Sulawesi Selatan,Kota Makassar,Panakkukang,Pannampu,"Jl. Kenanga No. 54, RT 010/RW 002",Sewa / Kontrak,60,PAM / Ledeng,PLN 900 VA,Jamban Sendiri
36,6471010106241012,6471011201580041,Nyoman Handayani,Kepala Keluarga,Laki-laki,Balikpapan,12/01/1958,66,Kristen Protestan,Kawin,Tidak Bersekolah Lagi,Sarjana (S1/D4),Pensiunan / Tidak Bekerja,Pensiunan,1500000,BPJS Non-PBI / Mandiri,Tidak,Kalimantan Timur,Kota Balikpapan,Balikpapan Kota,Klandasan Ulu,"Jl. Kenanga No. 79, RT 010/RW 006",Sewa / Kontrak,200,Mata Air,PLN 900 VA,Jamban Sendiri
37,6471010106241012,6471017101560091,Ratna Handayani,Istri,Perempuan,Balikpapan,31/01/1956,68,Kristen Protestan,Kawin,Tidak Bersekolah Lagi,SMP / Sederajat,Mengurus Rumah Tangga,Mengurus Rumah Tangga,0,BPJS Non-PBI / Mandiri,Tidak,Kalimantan Timur,Kota Balikpapan,Balikpapan Kota,Klandasan Ulu,"Jl. Kenanga No. 79, RT 010/RW 006",Sewa / Kontrak,200,Mata Air,PLN 900 VA,Jamban Sendiri
38,6471010106241012,6471015401160008,Wati Handayani,Anak,Perempuan,Balikpapan,14/01/2016,8,Kristen Protestan,Belum Kawin,Masih Sekolah,SD / Sederajat,Tidak Bekerja,Belum / Tidak Bekerja,0,BPJS PBI (Bantuan Pemerintah),Tidak,Kalimantan Timur,Kota Balikpapan,Balikpapan Kota,Klandasan Ulu,"Jl. Kenanga No. 79, RT 010/RW 006",Sewa / Kontrak,200,Mata Air,PLN 900 VA,Jamban Sendiri
39,1371010106241013,1371011905670049,Farhan Harahap,Kepala Keluarga,Laki-laki,Padang,19/05/1967,57,Islam,Kawin,Tidak Bersekolah Lagi,SMP / Sederajat,Bekerja,Wiraswasta / Pedagang,8650000,BPJS PBI (Bantuan Pemerintah),Tidak,Sumatera Barat,Kota Padang,Padang Barat,Flamboyan Baru,"Jl. Garuda No. 49, RT 012/RW 001",Milik Sendiri,90,PAM / Ledeng,PLN 2200 VA+,Jamban Sendiri
40,1371010106241013,1371014711660097,Gita Wahyudi,Istri,Perempuan,Padang,07/11/1966,57,Islam,Kawin,Tidak Bersekolah Lagi,Sarjana (S1/D4),Mengurus Rumah Tangga,Mengurus Rumah Tangga,0,BPJS Non-PBI / Mandiri,Tidak,Sumatera Barat,Kota Padang,Padang Barat,Flamboyan Baru,"Jl. Garuda No. 49, RT 012/RW 001",Milik Sendiri,90,PAM / Ledeng,PLN 2200 VA+,Jamban Sendiri
41,1371010106241013,1371011311930096,Bayu Harahap,Anak,Laki-laki,Padang,13/11/1993,30,Islam,Belum Kawin,Tidak Bersekolah Lagi,SMA / SMK / MA,Bekerja,Karyawan BUMN,10350000,BPJS PBI (Bantuan Pemerintah),Tidak,Sumatera Barat,Kota Padang,Padang Barat,Flamboyan Baru,"Jl. Garuda No. 49, RT 012/RW 001",Milik Sendiri,90,PAM / Ledeng,PLN 2200 VA+,Jamban Sendiri
42,1371010106241013,1371012610020084,Joko Harahap,Anak,Laki-laki,Padang,26/10/2002,21,Islam,Belum Kawin,Masih Sekolah,SMA / SMK / MA,Sekolah,Pelajar / Mahasiswa,0,BPJS PBI (Bantuan Pemerintah),Tidak,Sumatera Barat,Kota Padang,Padang Barat,Flamboyan Baru,"Jl. Garuda No. 49, RT 012/RW 001",Milik Sendiri,90,PAM / Ledeng,PLN 2200 VA+,Jamban Sendiri
43,1371010106241013,1371014805180003,Nita Harahap,Anak,Perempuan,Padang,08/05/2018,6,Islam,Belum Kawin,Masih Sekolah,PAUD / TK,Tidak Bekerja,Belum / Tidak Bekerja,0,BPJS PBI (Bantuan Pemerintah),Tidak,Sumatera Barat,Kota Padang,Padang Barat,Flamboyan Baru,"Jl. Garuda No. 49, RT 012/RW 001",Milik Sendiri,90,PAM / Ledeng,PLN 2200 VA+,Jamban Sendiri
44,7371010106241014,7371012512960002,Ilham Lestari,Kepala Keluarga,Laki-laki,Makassar,25/12/1996,27,Islam,Kawin,Tidak Bersekolah Lagi,Diploma (D1-D3),Bekerja,Buruh Harian Lepas,2000000,BPJS PBI (Bantuan Pemerintah),Tidak,Sulawesi Selatan,Kota Makassar,Panakkukang,Pannampu,"Jl. Garuda No. 28, RT 011/RW 002",Milik Sendiri,72,PAM / Ledeng,PLN 1300 VA,Jamban Sendiri
45,7371010106241014,7371015111950059,Indah Saputra,Istri,Perempuan,Makassar,11/11/1995,28,Islam,Kawin,Tidak Bersekolah Lagi,SMA / SMK / MA,Mengurus Rumah Tangga,Mengurus Rumah Tangga,0,Tidak Memiliki,Tidak,Sulawesi Selatan,Kota Makassar,Panakkukang,Pannampu,"Jl. Garuda No. 28, RT 011/RW 002",Milik Sendiri,72,PAM / Ledeng,PLN 1300 VA,Jamban Sendiri
46,7371010106241014,7371013012220035,Arif Lestari,Anak,Laki-laki,Makassar,30/12/2022,1,Islam,Belum Kawin,Belum Pernah Sekolah,Tidak / Belum Sekolah,Tidak Bekerja,Belum / Tidak Bekerja,0,Asuransi Swasta,Tidak,Sulawesi Selatan,Kota Makassar,Panakkukang,Pannampu,"Jl. Garuda No. 28, RT 011/RW 002",Milik Sendiri,72,PAM / Ledeng,PLN 1300 VA,Jamban Sendiri
47,7371010106241014,7371011708160062,Dwi Lestari,Anak,Laki-laki,Makassar,17/08/2016,7,Islam,Belum Kawin,Masih Sekolah,SD / Sederajat,Tidak Bekerja,Belum / Tidak Bekerja,0,BPJS Non-PBI / Mandiri,Tidak,Sulawesi Selatan,Kota Makassar,Panakkukang,Pannampu,"Jl. Garuda No. 28, RT 011/RW 002",Milik Sendiri,72,PAM / Ledeng,PLN 1300 VA,Jamban Sendiri
48,7371010106241014,7371016610680076,Zahra Saputra,Orang Tua / Mertua,Perempuan,Makassar,26/10/1968,55,Islam,Cerai Mati,Tidak Bersekolah Lagi,SMP / Sederajat,Bekerja,Guru / Dosen,4550000,BPJS Non-PBI / Mandiri,Tidak,Sulawesi Selatan,Kota Makassar,Panakkukang,Pannampu,"Jl. Garuda No. 28, RT 011/RW 002",Milik Sendiri,72,PAM / Ledeng,PLN 1300 VA,Jamban Sendiri
49,7371010106241015,7371012004860040,Rian Batubara,Kepala Keluarga,Laki-laki,Makassar,20/04/1986,38,Kristen Protestan,Kawin,Tidak Bersekolah Lagi,SMA / SMK / MA,Bekerja,Karyawan Swasta,13800000,BPJS PBI (Bantuan Pemerintah),Tidak,Sulawesi Selatan,Kota Makassar,Panakkukang,Pannampu,"Jl. Pahlawan No. 44, RT 010/RW 010",Milik Sendiri,90,PAM / Ledeng,PLN 1300 VA,Jamban Sendiri
50,7371010106241015,7371016509840096,Maya Simanjuntak,Istri,Perempuan,Makassar,25/09/1984,39,Kristen Protestan,Kawin,Tidak Bersekolah Lagi,SMA / SMK / MA,Mengurus Rumah Tangga,Mengurus Rumah Tangga,0,BPJS PBI (Bantuan Pemerintah),Tidak,Sulawesi Selatan,Kota Makassar,Panakkukang,Pannampu,"Jl. Pahlawan No. 44, RT 010/RW 010",Milik Sendiri,90,PAM / Ledeng,PLN 1300 VA,Jamban Sendiri
51,7371010106241015,7371016505090030,Sri Batubara,Anak,Perempuan,Makassar,25/05/2009,15,Kristen Protestan,Belum Kawin,Masih Sekolah,SMP / Sederajat,Sekolah,Pelajar / Mahasiswa,0,BPJS PBI (Bantuan Pemerintah),Tidak,Sulawesi Selatan,Kota Makassar,Panakkukang,Pannampu,"Jl. Pahlawan No. 44, RT 010/RW 010",Milik Sendiri,90,PAM / Ledeng,PLN 1300 VA,Jamban Sendiri
52,7371010106241015,7371014711150016,Mega Batubara,Anak,Perempuan,Makassar,07/11/2015,8,Kristen Protestan,Belum Kawin,Masih Sekolah,SD / Sederajat,Tidak Bekerja,Belum / Tidak Bekerja,0,Tidak Memiliki,Tidak,Sulawesi Selatan,Kota Makassar,Panakkukang,Pannampu,"Jl. Pahlawan No. 44, RT 010/RW 010",Milik Sendiri,90,PAM / Ledeng,PLN 1300 VA,Jamban Sendiri
53,3201010106241016,3201011005810062,Eko Chaniago,Kepala Keluarga,Laki-laki,Bogor,10/05/1981,43,Islam,Kawin,Tidak Bersekolah Lagi,SMA / SMK / MA,Bekerja,Karyawan Swasta,5350000,Asuransi Swasta,Tidak,Jawa Barat,Kab. Bogor,Cibinong,Pabuaran,"Jl. Kenanga No. 36, RT 004/RW 004",Sewa / Kontrak,200,Air Kemasan / Isi Ulang,PLN 1300 VA,Jamban Sendiri
54,3201010106241016,3201014401780015,Endah Subagyo,Istri,Perempuan,Bogor,04/01/1978,46,Islam,Kawin,Tidak Bersekolah Lagi,Diploma (D1-D3),Mengurus Rumah Tangga,Mengurus Rumah Tangga,0,BPJS Non-PBI / Mandiri,Tidak,Jawa Barat,Kab. Bogor,Cibinong,Pabuaran,"Jl. Kenanga No. 36, RT 004/RW 004",Sewa / Kontrak,200,Air Kemasan / Isi Ulang,PLN 1300 VA,Jamban Sendiri
55,3201010106241016,3201010801050007,Made Chaniago,Anak,Laki-laki,Bogor,08/01/2005,19,Islam,Belum Kawin,Masih Sekolah,SMA / SMK / MA,Sekolah,Pelajar / Mahasiswa,0,Asuransi Swasta,Tidak,Jawa Barat,Kab. Bogor,Cibinong,Pabuaran,"Jl. Kenanga No. 36, RT 004/RW 004",Sewa / Kontrak,200,Air Kemasan / Isi Ulang,PLN 1300 VA,Jamban Sendiri
56,3273010106241017,3273011304590058,Oki Purnomo,Kepala Keluarga,Laki-laki,Bandung,13/04/1959,65,Islam,Kawin,Tidak Bersekolah Lagi,SMA / SMK / MA,Pensiunan / Tidak Bekerja,Pensiunan,0,BPJS Non-PBI / Mandiri,Tidak,Jawa Barat,Kota Bandung,Coblong,Dago,"Jl. Anggrek No. 98, RT 004/RW 002",Milik Sendiri,60,PAM / Ledeng,PLN 2200 VA+,Jamban Sendiri
57,3273010106241017,3273015801610090,Sri Lestari,Istri,Perempuan,Bandung,18/01/1961,63,Islam,Kawin,Tidak Bersekolah Lagi,Sarjana (S1/D4),Mengurus Rumah Tangga,Mengurus Rumah Tangga,0,BPJS PBI (Bantuan Pemerintah),Tidak,Jawa Barat,Kota Bandung,Coblong,Dago,"Jl. Anggrek No. 98, RT 004/RW 002",Milik Sendiri,60,PAM / Ledeng,PLN 2200 VA+,Jamban Sendiri
58,3273010106241017,3273010106180081,Hadi Purnomo,Anak,Laki-laki,Bandung,01/06/2018,6,Islam,Belum Kawin,Masih Sekolah,PAUD / TK,Tidak Bekerja,Belum / Tidak Bekerja,0,BPJS Non-PBI / Mandiri,Tidak,Jawa Barat,Kota Bandung,Coblong,Dago,"Jl. Anggrek No. 98, RT 004/RW 002",Milik Sendiri,60,PAM / Ledeng,PLN 2200 VA+,Jamban Sendiri
59,3374010106241018,3374010811780033,Tri Tanjung,Kepala Keluarga,Laki-laki,Semarang,08/11/1978,45,Islam,Kawin,Tidak Bersekolah Lagi,Tidak / Tamat SD,Bekerja,Karyawan Swasta,4850000,BPJS Non-PBI / Mandiri,Tunadaksa,Jawa Tengah,Kota Semarang,Banyumanik,Srondol Kulon,"Jl. Anggrek No. 29, RT 007/RW 002",Milik Sendiri,72,PAM / Ledeng,PLN 900 VA,Jamban Sendiri
60,3374010106241018,3374017008750074,Ni Wayan Handayani,Istri,Perempuan,Semarang,30/08/1975,48,Islam,Kawin,Tidak Bersekolah Lagi,Tidak / Tamat SD,Bekerja,Wiraswasta / Pedagang,10400000,BPJS PBI (Bantuan Pemerintah),Tidak,Jawa Tengah,Kota Semarang,Banyumanik,Srondol Kulon,"Jl. Anggrek No. 29, RT 007/RW 002",Milik Sendiri,72,PAM / Ledeng,PLN 900 VA,Jamban Sendiri
61,3374010106241018,3374011912090075,Arif Tanjung,Anak,Laki-laki,Semarang,19/12/2009,14,Islam,Belum Kawin,Masih Sekolah,SMP / Sederajat,Tidak Bekerja,Belum / Tidak Bekerja,0,BPJS Non-PBI / Mandiri,Tidak,Jawa Tengah,Kota Semarang,Banyumanik,Srondol Kulon,"Jl. Anggrek No. 29, RT 007/RW 002",Milik Sendiri,72,PAM / Ledeng,PLN 900 VA,Jamban Sendiri
62,3273010106241019,3273010404780027,Gilang Kusuma,Kepala Keluarga,Laki-laki,Bandung,04/04/1978,46,Katolik,Kawin,Tidak Bersekolah Lagi,SMP / Sederajat,Bekerja,Karyawan Swasta,9350000,BPJS Non-PBI / Mandiri,Tidak,Jawa Barat,Kota Bandung,Coblong,Dago,"Jl. Pahlawan No. 43, RT 008/RW 006",Milik Sendiri,45,PAM / Ledeng,PLN 1300 VA,Jamban Sendiri
63,3273010106241019,3273014206750016,Rani Wahyudi,Istri,Perempuan,Bandung,02/06/1975,49,Katolik,Kawin,Tidak Bersekolah Lagi,Tidak / Tamat SD,Bekerja,Buruh Harian Lepas,3300000,BPJS Non-PBI / Mandiri,Tidak,Jawa Barat,Kota Bandung,Coblong,Dago,"Jl. Pahlawan No. 43, RT 008/RW 006",Milik Sendiri,45,PAM / Ledeng,PLN 1300 VA,Jamban Sendiri
64,3273010106241019,3273012911060071,Rahmat Kusuma,Anak,Laki-laki,Bandung,29/11/2006,17,Katolik,Belum Kawin,Tidak Bersekolah Lagi,SMA / SMK / MA,Bekerja,Pegawai Negeri Sipil (PNS),4750000,BPJS PBI (Bantuan Pemerintah),Tidak,Jawa Barat,Kota Bandung,Coblong,Dago,"Jl. Pahlawan No. 43, RT 008/RW 006",Milik Sendiri,45,PAM / Ledeng,PLN 1300 VA,Jamban Sendiri
65,3273010106241019,3273015910020020,Tri Kusuma,Anak,Perempuan,Bandung,19/10/2002,21,Katolik,Belum Kawin,Tidak Bersekolah Lagi,Diploma (D1-D3),Bekerja,Wiraswasta / Pedagang,7600000,BPJS Non-PBI / Mandiri,Tidak,Jawa Barat,Kota Bandung,Coblong,Dago,"Jl. Pahlawan No. 43, RT 008/RW 006",Milik Sendiri,45,PAM / Ledeng,PLN 1300 VA,Jamban Sendiri
66,7371010106241020,7371010901980096,Wahyu Sitorus,Kepala Keluarga,Laki-laki,Makassar,09/01/1998,26,Kristen Protestan,Kawin,Tidak Bersekolah Lagi,SMA / SMK / MA,Bekerja,Tenaga Kesehatan (Dokter/Perawat),11400000,BPJS Non-PBI / Mandiri,Tidak,Sulawesi Selatan,Kota Makassar,Panakkukang,Pannampu,"Jl. Anggrek No. 19, RT 004/RW 008",Milik Sendiri,200,PAM / Ledeng,PLN 450 VA,Jamban Sendiri
67,7371010106241020,7371015008930084,Ni Wayan Setiawan,Istri,Perempuan,Makassar,10/08/1993,30,Kristen Protestan,Kawin,Tidak Bersekolah Lagi,Magister (S2),Bekerja,Pegawai Negeri Sipil (PNS),8000000,BPJS PBI (Bantuan Pemerintah),Tidak,Sulawesi Selatan,Kota Makassar,Panakkukang,Pannampu,"Jl. Anggrek No. 19, RT 004/RW 008",Milik Sendiri,200,PAM / Ledeng,PLN 450 VA,Jamban Sendiri
68,7371010106241020,7371015412200013,Maya Sitorus,Anak,Perempuan,Makassar,14/12/2020,3,Kristen Protestan,Belum Kawin,Belum Pernah Sekolah,Tidak / Belum Sekolah,Tidak Bekerja,Belum / Tidak Bekerja,0,BPJS PBI (Bantuan Pemerintah),Tidak,Sulawesi Selatan,Kota Makassar,Panakkukang,Pannampu,"Jl. Anggrek No. 19, RT 004/RW 008",Milik Sendiri,200,PAM / Ledeng,PLN 450 VA,Jamban Sendiri
69,7371010106241020,7371016012190068,Indah Sitorus,Anak,Perempuan,Makassar,20/12/2019,4,Kristen Protestan,Belum Kawin,Belum Pernah Sekolah,Tidak / Belum Sekolah,Tidak Bekerja,Belum / Tidak Bekerja,0,BPJS PBI (Bantuan Pemerintah),Tidak,Sulawesi Selatan,Kota Makassar,Panakkukang,Pannampu,"Jl. Anggrek No. 19, RT 004/RW 008",Milik Sendiri,200,PAM / Ledeng,PLN 450 VA,Jamban Sendiri
70,7371010106241020,7371010302720019,Hadi Kusuma,Orang Tua / Mertua,Laki-laki,Makassar,03/02/1972,52,Kristen Protestan,Cerai Mati,Tidak Bersekolah Lagi,SMA / SMK / MA,Bekerja,Petani / Pekebun,2100000,BPJS Non-PBI / Mandiri,Tidak,Sulawesi Selatan,Kota Makassar,Panakkukang,Pannampu,"Jl. Anggrek No. 19, RT 004/RW 008",Milik Sendiri,200,PAM / Ledeng,PLN 450 VA,Jamban Sendiri
71,3578010106241021,3578010202940068,Untung Subagyo,Kepala Keluarga,Laki-laki,Surabaya,02/02/1994,30,Islam,Kawin,Tidak Bersekolah Lagi,SMA / SMK / MA,Bekerja,Petani / Pekebun,2200000,BPJS PBI (Bantuan Pemerintah),Tidak,Jawa Timur,Kota Surabaya,Gubeng,Airlangga,"Jl. Pahlawan No. 84, RT 006/RW 010",Milik Sendiri,90,Sumur Terlindung,PLN 900 VA,Jamban Sendiri
72,3578010106241021,3578015604960049,Desi Nugraha,Istri,Perempuan,Surabaya,16/04/1996,28,Islam,Kawin,Tidak Bersekolah Lagi,SMA / SMK / MA,Mengurus Rumah Tangga,Mengurus Rumah Tangga,0,BPJS PBI (Bantuan Pemerintah),Tidak,Jawa Timur,Kota Surabaya,Gubeng,Airlangga,"Jl. Pahlawan No. 84, RT 006/RW 010",Milik Sendiri,90,Sumur Terlindung,PLN 900 VA,Jamban Sendiri
73,3578010106241021,3578010803160060,Wahyu Subagyo,Anak,Laki-laki,Surabaya,08/03/2016,8,Islam,Belum Kawin,Masih Sekolah,SD / Sederajat,Tidak Bekerja,Belum / Tidak Bekerja,0,BPJS Non-PBI / Mandiri,Tidak,Jawa Timur,Kota Surabaya,Gubeng,Airlangga,"Jl. Pahlawan No. 84, RT 006/RW 010",Milik Sendiri,90,Sumur Terlindung,PLN 900 VA,Jamban Sendiri
74,3578010106241021,3578011812220086,Eko Subagyo,Anak,Laki-laki,Surabaya,18/12/2022,1,Islam,Belum Kawin,Belum Pernah Sekolah,Tidak / Belum Sekolah,Tidak Bekerja,Belum / Tidak Bekerja,0,BPJS Non-PBI / Mandiri,Tidak,Jawa Timur,Kota Surabaya,Gubeng,Airlangga,"Jl. Pahlawan No. 84, RT 006/RW 010",Milik Sendiri,90,Sumur Terlindung,PLN 900 VA,Jamban Sendiri
75,3578010106241021,3578016311680037,Desi Setiawan,Orang Tua / Mertua,Perempuan,Surabaya,23/11/1968,55,Islam,Kawin,Tidak Bersekolah Lagi,SMA / SMK / MA,Bekerja,Karyawan Swasta,11900000,Tidak Memiliki,Tidak,Jawa Timur,Kota Surabaya,Gubeng,Airlangga,"Jl. Pahlawan No. 84, RT 006/RW 010",Milik Sendiri,90,Sumur Terlindung,PLN 900 VA,Jamban Sendiri
76,3578010106241022,3578011211550012,Tri Tanjung,Kepala Keluarga,Laki-laki,Surabaya,12/11/1955,68,Islam,Kawin,Tidak Bersekolah Lagi,Sarjana (S1/D4),Pensiunan / Tidak Bekerja,Pensiunan,3500000,BPJS PBI (Bantuan Pemerintah),Tidak,Jawa Timur,Kota Surabaya,Gubeng,Airlangga,"Jl. Diponegoro No. 59, RT 011/RW 007",Sewa / Kontrak,60,Sumur Terlindung,PLN 450 VA,Jamban Sendiri
77,3578010106241022,3578015708600070,Tri Subagyo,Istri,Perempuan,Surabaya,17/08/1960,63,Islam,Kawin,Tidak Bersekolah Lagi,Sarjana (S1/D4),Mengurus Rumah Tangga,Mengurus Rumah Tangga,0,BPJS PBI (Bantuan Pemerintah),Tidak,Jawa Timur,Kota Surabaya,Gubeng,Airlangga,"Jl. Diponegoro No. 59, RT 011/RW 007",Sewa / Kontrak,60,Sumur Terlindung,PLN 450 VA,Jamban Sendiri
78,3578010106241022,3578014502990022,Widya Tanjung,Anak,Perempuan,Surabaya,05/02/1999,25,Islam,Kawin,Tidak Bersekolah Lagi,SMP / Sederajat,Bekerja,Buruh Harian Lepas,2800000,BPJS PBI (Bantuan Pemerintah),Tidak,Jawa Timur,Kota Surabaya,Gubeng,Airlangga,"Jl. Diponegoro No. 59, RT 011/RW 007",Sewa / Kontrak,60,Sumur Terlindung,PLN 450 VA,Jamban Sendiri
79,3578010106241022,3578012502030044,Rahmat Tanjung,Anak,Laki-laki,Surabaya,25/02/2003,21,Islam,Belum Kawin,Tidak Bersekolah Lagi,SMA / SMK / MA,Bekerja,Teknisi / Pengrajin,3100000,BPJS PBI (Bantuan Pemerintah),Tidak,Jawa Timur,Kota Surabaya,Gubeng,Airlangga,"Jl. Diponegoro No. 59, RT 011/RW 007",Sewa / Kontrak,60,Sumur Terlindung,PLN 450 VA,Jamban Sendiri
80,3578010106241022,3578016403020087,Putri Tanjung,Anak,Perempuan,Surabaya,24/03/2002,22,Islam,Belum Kawin,Tidak Bersekolah Lagi,Sarjana (S1/D4),Bekerja,Teknisi / Pengrajin,4850000,BPJS Non-PBI / Mandiri,Tidak,Jawa Timur,Kota Surabaya,Gubeng,Airlangga,"Jl. Diponegoro No. 59, RT 011/RW 007",Sewa / Kontrak,60,Sumur Terlindung,PLN 450 VA,Jamban Sendiri
81,3578010106241022,3578012010310002,Dwi Tarigan,Orang Tua / Mertua,Laki-laki,Surabaya,20/10/1931,92,Islam,Kawin,Tidak Bersekolah Lagi,SMP / Sederajat,Pensiunan / Tidak Bekerja,Pensiunan,2500000,BPJS Non-PBI / Mandiri,Tidak,Jawa Timur,Kota Surabaya,Gubeng,Airlangga,"Jl. Diponegoro No. 59, RT 011/RW 007",Sewa / Kontrak,60,Sumur Terlindung,PLN 450 VA,Jamban Sendiri
82,1371010106241023,1371010304720084,Joko Wahyudi,Kepala Keluarga,Laki-laki,Padang,03/04/1972,52,Islam,Kawin,Tidak Bersekolah Lagi,SD / Sederajat,Bekerja,Wiraswasta / Pedagang,9850000,BPJS PBI (Bantuan Pemerintah),Tidak,Sumatera Barat,Kota Padang,Padang Barat,Flamboyan Baru,"Jl. Mawar No. 87, RT 007/RW 006",Milik Sendiri,36,Mata Air,PLN 900 VA,Jamban Sendiri
83,1371010106241023,1371015405770089,Tia Subagyo,Istri,Perempuan,Padang,14/05/1977,47,Islam,Kawin,Tidak Bersekolah Lagi,SMP / Sederajat,Mengurus Rumah Tangga,Mengurus Rumah Tangga,0,Asuransi Swasta,Tidak,Sumatera Barat,Kota Padang,Padang Barat,Flamboyan Baru,"Jl. Mawar No. 87, RT 007/RW 006",Milik Sendiri,36,Mata Air,PLN 900 VA,Jamban Sendiri
84,1371010106241023,1371013108940013,Joko Wahyudi,Anak,Laki-laki,Padang,31/08/1994,29,Islam,Kawin,Tidak Bersekolah Lagi,Magister (S2),Bekerja,Karyawan Swasta,10500000,BPJS PBI (Bantuan Pemerintah),Tidak,Sumatera Barat,Kota Padang,Padang Barat,Flamboyan Baru,"Jl. Mawar No. 87, RT 007/RW 006",Milik Sendiri,36,Mata Air,PLN 900 VA,Jamban Sendiri
85,1371010106241023,1371017008460016,Citra Setiawan,Orang Tua / Mertua,Perempuan,Padang,30/08/1946,77,Islam,Cerai Mati,Tidak Bersekolah Lagi,Sarjana (S1/D4),Bekerja,Petani / Pekebun,4300000,BPJS Non-PBI / Mandiri,Tidak,Sumatera Barat,Kota Padang,Padang Barat,Flamboyan Baru,"Jl. Mawar No. 87, RT 007/RW 006",Milik Sendiri,36,Mata Air,PLN 900 VA,Jamban Sendiri
86,3174010106241024,3174013105600017,Tri Sitorus,Kepala Keluarga,Laki-laki,Jakarta Selatan,31/05/1960,64,Kristen Protestan,Belum Kawin,Tidak Bersekolah Lagi,SMA / SMK / MA,Bekerja,Buruh Harian Lepas,2050000,BPJS PBI (Bantuan Pemerintah),Tidak,DKI Jakarta,Kota Jakarta Selatan,Tebet,Tebet Timur,"Jl. Sudirman No. 17, RT 001/RW 006",Sewa / Kontrak,60,Sumur Terlindung,PLN 900 VA,Jamban Sendiri
87,3174010106241025,3174010902660092,Rahmat Tarigan,Kepala Keluarga,Laki-laki,Jakarta Selatan,09/02/1966,58,Islam,Kawin,Tidak Bersekolah Lagi,Sarjana (S1/D4),Bekerja,Pegawai Negeri Sipil (PNS),4500000,BPJS PBI (Bantuan Pemerintah),Tidak,DKI Jakarta,Kota Jakarta Selatan,Tebet,Tebet Timur,"Jl. Garuda No. 42, RT 006/RW 004",Milik Sendiri,72,Sumur Bor / Pompa,PLN 1300 VA,Jamban Sendiri
88,3174010106241025,3174014909700017,Tia Wahyudi,Istri,Perempuan,Jakarta Selatan,09/09/1970,53,Islam,Kawin,Tidak Bersekolah Lagi,SMP / Sederajat,Bekerja,Wiraswasta / Pedagang,8450000,BPJS Non-PBI / Mandiri,Tidak,DKI Jakarta,Kota Jakarta Selatan,Tebet,Tebet Timur,"Jl. Garuda No. 42, RT 006/RW 004",Milik Sendiri,72,Sumur Bor / Pompa,PLN 1300 VA,Jamban Sendiri
89,3174010106241025,3174013009210038,Gilang Tarigan,Anak,Laki-laki,Jakarta Selatan,30/09/2021,2,Islam,Belum Kawin,Belum Pernah Sekolah,Tidak / Belum Sekolah,Tidak Bekerja,Belum / Tidak Bekerja,0,BPJS Non-PBI / Mandiri,Tidak,DKI Jakarta,Kota Jakarta Selatan,Tebet,Tebet Timur,"Jl. Garuda No. 42, RT 006/RW 004",Milik Sendiri,72,Sumur Bor / Pompa,PLN 1300 VA,Jamban Sendiri
90,3174010106241025,3174014804020013,Ni Wayan Tarigan,Anak,Perempuan,Jakarta Selatan,08/04/2002,22,Islam,Belum Kawin,Masih Sekolah,Sarjana (S1/D4),Sekolah,Pelajar / Mahasiswa,0,BPJS Non-PBI / Mandiri,Tidak,DKI Jakarta,Kota Jakarta Selatan,Tebet,Tebet Timur,"Jl. Garuda No. 42, RT 006/RW 004",Milik Sendiri,72,Sumur Bor / Pompa,PLN 1300 VA,Jamban Sendiri
91,6471010106241026,6471012804680046,Galih Sinaga,Kepala Keluarga,Laki-laki,Balikpapan,28/04/1968,56,Islam,Kawin,Tidak Bersekolah Lagi,Sarjana (S1/D4),Bekerja,Pengemudi Ojek Online / Transportasi,4250000,BPJS Non-PBI / Mandiri,Tidak,Kalimantan Timur,Kota Balikpapan,Balikpapan Kota,Klandasan Ulu,"Jl. Pahlawan No. 58, RT 012/RW 004",Sewa / Kontrak,120,Sumur Bor / Pompa,PLN 900 VA,Jamban Sendiri
92,6471010106241026,6471015504720037,Desi Nugraha,Istri,Perempuan,Balikpapan,15/04/1972,52,Islam,Kawin,Tidak Bersekolah Lagi,SMA / SMK / MA,Mengurus Rumah Tangga,Mengurus Rumah Tangga,0,BPJS PBI (Bantuan Pemerintah),Tidak,Kalimantan Timur,Kota Balikpapan,Balikpapan Kota,Klandasan Ulu,"Jl. Pahlawan No. 58, RT 012/RW 004",Sewa / Kontrak,120,Sumur Bor / Pompa,PLN 900 VA,Jamban Sendiri
93,6471010106241026,6471016803980085,Maya Sinaga,Anak,Perempuan,Balikpapan,28/03/1998,26,Islam,Belum Kawin,Tidak Bersekolah Lagi,SMA / SMK / MA,Bekerja,Guru / Dosen,6750000,BPJS PBI (Bantuan Pemerintah),Tidak,Kalimantan Timur,Kota Balikpapan,Balikpapan Kota,Klandasan Ulu,"Jl. Pahlawan No. 58, RT 012/RW 004",Sewa / Kontrak,120,Sumur Bor / Pompa,PLN 900 VA,Jamban Sendiri
94,6471010106241026,6471014104020098,Citra Sinaga,Anak,Perempuan,Balikpapan,01/04/2002,22,Islam,Belum Kawin,Masih Sekolah,Diploma (D1-D3),Sekolah,Pelajar / Mahasiswa,0,BPJS Non-PBI / Mandiri,Tidak,Kalimantan Timur,Kota Balikpapan,Balikpapan Kota,Klandasan Ulu,"Jl. Pahlawan No. 58, RT 012/RW 004",Sewa / Kontrak,120,Sumur Bor / Pompa,PLN 900 VA,Jamban Sendiri
95,1371010106241027,1371012804730020,Kurniawan Utomo,Kepala Keluarga,Laki-laki,Padang,28/04/1973,51,Islam,Kawin,Tidak Bersekolah Lagi,SD / Sederajat,Bekerja,Wiraswasta / Pedagang,4350000,BPJS Non-PBI / Mandiri,Tidak,Sumatera Barat,Kota Padang,Padang Barat,Flamboyan Baru,"Jl. Merdeka No. 78, RT 010/RW 009",Bebas Sewa (Milik Keluarga/Ortu),72,PAM / Ledeng,PLN 1300 VA,Jamban Bersama
96,1371010106241027,1371015704780063,Andi Tenri Nasution,Istri,Perempuan,Padang,17/04/1978,46,Islam,Kawin,Tidak Bersekolah Lagi,SMA / SMK / MA,Mengurus Rumah Tangga,Mengurus Rumah Tangga,0,BPJS Non-PBI / Mandiri,Tidak,Sumatera Barat,Kota Padang,Padang Barat,Flamboyan Baru,"Jl. Merdeka No. 78, RT 010/RW 009",Bebas Sewa (Milik Keluarga/Ortu),72,PAM / Ledeng,PLN 1300 VA,Jamban Bersama
97,1371010106241027,1371015403130045,Zahra Utomo,Anak,Perempuan,Padang,14/03/2013,11,Islam,Belum Kawin,Masih Sekolah,SD / Sederajat,Tidak Bekerja,Belum / Tidak Bekerja,0,BPJS PBI (Bantuan Pemerintah),Tidak,Sumatera Barat,Kota Padang,Padang Barat,Flamboyan Baru,"Jl. Merdeka No. 78, RT 010/RW 009",Bebas Sewa (Milik Keluarga/Ortu),72,PAM / Ledeng,PLN 1300 VA,Jamban Bersama
98,1371010106241027,1371015608470087,Widya Hidayat,Orang Tua / Mertua,Perempuan,Padang,16/08/1947,76,Islam,Kawin,Tidak Bersekolah Lagi,SMA / SMK / MA,Pensiunan / Tidak Bekerja,Pensiunan,2500000,BPJS PBI (Bantuan Pemerintah),Tidak,Sumatera Barat,Kota Padang,Padang Barat,Flamboyan Baru,"Jl. Merdeka No. 78, RT 010/RW 009",Bebas Sewa (Milik Keluarga/Ortu),72,PAM / Ledeng,PLN 1300 VA,Jamban Bersama
99,1371010106241028,1371012008650074,Cahyo Wibowo,Kepala Keluarga,Laki-laki,Padang,20/08/1965,58,Islam,Kawin,Tidak Bersekolah Lagi,SMA / SMK / MA,Bekerja,Wiraswasta / Pedagang,7850000,BPJS PBI (Bantuan Pemerintah),Tidak,Sumatera Barat,Kota Padang,Padang Barat,Flamboyan Baru,"Jl. Sudirman No. 39, RT 001/RW 001",Bebas Sewa (Milik Keluarga/Ortu),54,PAM / Ledeng,PLN 450 VA,Jamban Sendiri
100,1371010106241028,1371015111690042,Dewi Purnomo,Istri,Perempuan,Padang,11/11/1969,54,Islam,Kawin,Tidak Bersekolah Lagi,SD / Sederajat,Bekerja,Wiraswasta / Pedagang,9050000,BPJS Non-PBI / Mandiri,Tidak,Sumatera Barat,Kota Padang,Padang Barat,Flamboyan Baru,"Jl. Sudirman No. 39, RT 001/RW 001",Bebas Sewa (Milik Keluarga/Ortu),54,PAM / Ledeng,PLN 450 VA,Jamban Sendiri
101,1371010106241028,1371012412950032,Ilham Wibowo,Anak,Laki-laki,Padang,24/12/1995,28,Islam,Kawin,Tidak Bersekolah Lagi,SMA / SMK / MA,Bekerja,Karyawan Swasta,5800000,BPJS PBI (Bantuan Pemerintah),Tidak,Sumatera Barat,Kota Padang,Padang Barat,Flamboyan Baru,"Jl. Sudirman No. 39, RT 001/RW 001",Bebas Sewa (Milik Keluarga/Ortu),54,PAM / Ledeng,PLN 450 VA,Jamban Sendiri
102,1271010106241029,1271010603860081,Arif Setiawan,Kepala Keluarga,Laki-laki,Medan,06/03/1986,38,Katolik,Kawin,Tidak Bersekolah Lagi,SMP / Sederajat,Bekerja,Karyawan Swasta,5450000,BPJS PBI (Bantuan Pemerintah),Tidak,Sumatera Utara,Kota Medan,Medan Baru,Padang Bulan,"Jl. Melati No. 10, RT 004/RW 006",Milik Sendiri,45,PAM / Ledeng,PLN 1300 VA,Jamban Sendiri
103,1271010106241029,1271016504890060,Hesti Subagyo,Istri,Perempuan,Medan,25/04/1989,35,Katolik,Kawin,Tidak Bersekolah Lagi,SMA / SMK / MA,Mengurus Rumah Tangga,Mengurus Rumah Tangga,0,BPJS PBI (Bantuan Pemerintah),Tidak,Sumatera Utara,Kota Medan,Medan Baru,Padang Bulan,"Jl. Melati No. 10, RT 004/RW 006",Milik Sendiri,45,PAM / Ledeng,PLN 1300 VA,Jamban Sendiri
104,1271010106241029,1271016312120012,Fitri Setiawan,Anak,Perempuan,Medan,23/12/2012,11,Katolik,Belum Kawin,Masih Sekolah,SD / Sederajat,Tidak Bekerja,Belum / Tidak Bekerja,0,BPJS Non-PBI / Mandiri,Tidak,Sumatera Utara,Kota Medan,Medan Baru,Padang Bulan,"Jl. Melati No. 10, RT 004/RW 006",Milik Sendiri,45,PAM / Ledeng,PLN 1300 VA,Jamban Sendiri
105,1271010106241029,1271014510200060,Eka Setiawan,Anak,Perempuan,Medan,05/10/2020,3,Katolik,Belum Kawin,Belum Pernah Sekolah,Tidak / Belum Sekolah,Tidak Bekerja,Belum / Tidak Bekerja,0,Tidak Memiliki,Tidak,Sumatera Utara,Kota Medan,Medan Baru,Padang Bulan,"Jl. Melati No. 10, RT 004/RW 006",Milik Sendiri,45,PAM / Ledeng,PLN 1300 VA,Jamban Sendiri
106,3174010106241030,3174012110820087,Jamal Hidayat,Kepala Keluarga,Laki-laki,Jakarta Selatan,21/10/1982,41,Islam,Kawin,Tidak Bersekolah Lagi,SMA / SMK / MA,Bekerja,Buruh Harian Lepas,3150000,BPJS PBI (Bantuan Pemerintah),Tidak,DKI Jakarta,Kota Jakarta Selatan,Tebet,Tebet Timur,"Jl. Sudirman No. 42, RT 008/RW 010",Milik Sendiri,200,PAM / Ledeng,PLN 450 VA,Jamban Sendiri
107,3174010106241030,3174014809790072,Amalia Lestari,Istri,Perempuan,Jakarta Selatan,08/09/1979,44,Islam,Kawin,Tidak Bersekolah Lagi,SMA / SMK / MA,Mengurus Rumah Tangga,Mengurus Rumah Tangga,0,BPJS Non-PBI / Mandiri,Tidak,DKI Jakarta,Kota Jakarta Selatan,Tebet,Tebet Timur,"Jl. Sudirman No. 42, RT 008/RW 010",Milik Sendiri,200,PAM / Ledeng,PLN 450 VA,Jamban Sendiri
108,3174010106241030,3174014511100078,Wati Hidayat,Anak,Perempuan,Jakarta Selatan,05/11/2010,13,Islam,Belum Kawin,Masih Sekolah,SMP / Sederajat,Tidak Bekerja,Belum / Tidak Bekerja,0,BPJS PBI (Bantuan Pemerintah),Tidak,DKI Jakarta,Kota Jakarta Selatan,Tebet,Tebet Timur,"Jl. Sudirman No. 42, RT 008/RW 010",Milik Sendiri,200,PAM / Ledeng,PLN 450 VA,Jamban Sendiri
109,1371010106241031,1371010609540086,Galih Sitorus,Kepala Keluarga,Laki-laki,Padang,06/09/1954,69,Islam,Cerai Mati,Tidak Bersekolah Lagi,SMA / SMK / MA,Pensiunan / Tidak Bekerja,Pensiunan,2500000,Tidak Memiliki,Tidak,Sumatera Barat,Kota Padang,Padang Barat,Flamboyan Baru,"Jl. Gatot Subroto No. 40, RT 011/RW 003",Bebas Sewa (Milik Keluarga/Ortu),120,Sumur Bor / Pompa,PLN 450 VA,Jamban Sendiri
110,1271010106241032,1271012703590089,Arif Kusuma,Kepala Keluarga,Laki-laki,Medan,27/03/1959,65,Islam,Kawin,Tidak Bersekolah Lagi,SMA / SMK / MA,Bekerja,Petani / Pekebun,3350000,BPJS PBI (Bantuan Pemerintah),Tidak,Sumatera Utara,Kota Medan,Medan Baru,Padang Bulan,"Jl. Sudirman No. 29, RT 013/RW 008",Rumah Dinas,54,Sumur Terlindung,PLN 450 VA,Jamban Sendiri
111,1271010106241032,1271015603580093,Gita Utomo,Istri,Perempuan,Medan,16/03/1958,66,Islam,Kawin,Tidak Bersekolah Lagi,SMP / Sederajat,Mengurus Rumah Tangga,Mengurus Rumah Tangga,0,BPJS Non-PBI / Mandiri,Tidak,Sumatera Utara,Kota Medan,Medan Baru,Padang Bulan,"Jl. Sudirman No. 29, RT 013/RW 008",Rumah Dinas,54,Sumur Terlindung,PLN 450 VA,Jamban Sendiri
112,7371010106241033,7371011103720018,Nugroho Tanjung,Kepala Keluarga,Laki-laki,Makassar,11/03/1972,52,Islam,Cerai Mati,Tidak Bersekolah Lagi,Sarjana (S1/D4),Bekerja,Pegawai Negeri Sipil (PNS),7850000,BPJS Non-PBI / Mandiri,Tidak,Sulawesi Selatan,Kota Makassar,Panakkukang,Pannampu,"Jl. Sudirman No. 40, RT 004/RW 009",Bebas Sewa (Milik Keluarga/Ortu),150,PAM / Ledeng,PLN 1300 VA,Jamban Sendiri
113,3273010106241034,3273014211960065,Tri Harahap,Kepala Keluarga,Perempuan,Bandung,02/11/1996,27,Katolik,Cerai Hidup,Tidak Bersekolah Lagi,SMP / Sederajat,Bekerja,Karyawan Swasta,5850000,BPJS PBI (Bantuan Pemerintah),Tidak,Jawa Barat,Kota Bandung,Coblong,Dago,"Jl. Mawar No. 37, RT 012/RW 009",Milik Sendiri,54,Mata Air,PLN 450 VA,Jamban Sendiri
114,3273010106241035,3273012608880082,Arif Hidayat,Kepala Keluarga,Laki-laki,Bandung,26/08/1988,35,Islam,Kawin,Tidak Bersekolah Lagi,Diploma (D1-D3),Bekerja,Wiraswasta / Pedagang,4850000,BPJS Non-PBI / Mandiri,Tidak,Jawa Barat,Kota Bandung,Coblong,Dago,"Jl. Melati No. 18, RT 014/RW 006",Milik Sendiri,150,PAM / Ledeng,PLN 1300 VA,Jamban Sendiri
115,3273010106241035,3273016910850069,Dian Tanjung,Istri,Perempuan,Bandung,29/10/1985,38,Islam,Kawin,Tidak Bersekolah Lagi,Tidak / Tamat SD,Bekerja,Karyawan Swasta,6900000,BPJS PBI (Bantuan Pemerintah),Tidak,Jawa Barat,Kota Bandung,Coblong,Dago,"Jl. Melati No. 18, RT 014/RW 006",Milik Sendiri,150,PAM / Ledeng,PLN 1300 VA,Jamban Sendiri
116,3273010106241035,3273013101230046,Hadi Hidayat,Anak,Laki-laki,Bandung,31/01/2023,1,Islam,Belum Kawin,Belum Pernah Sekolah,Tidak / Belum Sekolah,Tidak Bekerja,Belum / Tidak Bekerja,0,BPJS PBI (Bantuan Pemerintah),Tidak,Jawa Barat,Kota Bandung,Coblong,Dago,"Jl. Melati No. 18, RT 014/RW 006",Milik Sendiri,150,PAM / Ledeng,PLN 1300 VA,Jamban Sendiri
117,3273010106241036,3273010812930006,Rian Sinaga,Kepala Keluarga,Laki-laki,Bandung,08/12/1993,30,Hindu,Kawin,Tidak Bersekolah Lagi,SMP / Sederajat,Bekerja,Karyawan Swasta,7450000,BPJS Non-PBI / Mandiri,Tidak,Jawa Barat,Kota Bandung,Coblong,Dago,"Jl. Mawar No. 68, RT 009/RW 006",Milik Sendiri,200,PAM / Ledeng,PLN 900 VA,Jamban Sendiri
118,3273010106241036,3273014908970090,Wati Wibowo,Istri,Perempuan,Bandung,09/08/1997,26,Hindu,Kawin,Tidak Bersekolah Lagi,SMA / SMK / MA,Mengurus Rumah Tangga,Mengurus Rumah Tangga,0,BPJS Non-PBI / Mandiri,Tidak,Jawa Barat,Kota Bandung,Coblong,Dago,"Jl. Mawar No. 68, RT 009/RW 006",Milik Sendiri,200,PAM / Ledeng,PLN 900 VA,Jamban Sendiri
119,7371010106241037,7371010805760016,Bambang Kusuma,Kepala Keluarga,Laki-laki,Makassar,08/05/1976,48,Islam,Cerai Hidup,Tidak Bersekolah Lagi,Diploma (D1-D3),Bekerja,Karyawan Swasta,11200000,Asuransi Swasta,Tidak,Sulawesi Selatan,Kota Makassar,Panakkukang,Pannampu,"Jl. Sudirman No. 6, RT 001/RW 005",Sewa / Kontrak,36,PAM / Ledeng,PLN 900 VA,Jamban Sendiri
120,5171010106241038,5171011712920094,Untung Utomo,Kepala Keluarga,Laki-laki,Denpasar,17/12/1992,31,Khonghucu,Kawin,Tidak Bersekolah Lagi,Sarjana (S1/D4),Bekerja,Karyawan Swasta,11800000,Tidak Memiliki,Tidak,Bali,Kota Denpasar,Denpasar Selatan,Sanur Kaja,"Jl. Kenanga No. 89, RT 006/RW 003",Milik Sendiri,200,PAM / Ledeng,PLN 900 VA,Jamban Sendiri
121,5171010106241038,5171015710930008,Widya Purnomo,Istri,Perempuan,Denpasar,17/10/1993,30,Khonghucu,Kawin,Tidak Bersekolah Lagi,SD / Sederajat,Bekerja,Karyawan Swasta,7200000,BPJS PBI (Bantuan Pemerintah),Tidak,Bali,Kota Denpasar,Denpasar Selatan,Sanur Kaja,"Jl. Kenanga No. 89, RT 006/RW 003",Milik Sendiri,200,PAM / Ledeng,PLN 900 VA,Jamban Sendiri
122,5171010106241038,5171015710170078,Dewi Utomo,Anak,Perempuan,Denpasar,17/10/2017,6,Khonghucu,Belum Kawin,Masih Sekolah,PAUD / TK,Tidak Bekerja,Belum / Tidak Bekerja,0,BPJS PBI (Bantuan Pemerintah),Tidak,Bali,Kota Denpasar,Denpasar Selatan,Sanur Kaja,"Jl. Kenanga No. 89, RT 006/RW 003",Milik Sendiri,200,PAM / Ledeng,PLN 900 VA,Jamban Sendiri
123,3201010106241039,3201011101570026,Rian Wibowo,Kepala Keluarga,Laki-laki,Bogor,11/01/1957,67,Islam,Kawin,Tidak Bersekolah Lagi,SD / Sederajat,Bekerja,Wiraswasta / Pedagang,2200000,BPJS PBI (Bantuan Pemerintah),Tidak,Jawa Barat,Kab. Bogor,Cibinong,Pabuaran,"Jl. Gatot Subroto No. 47, RT 002/RW 004",Milik Sendiri,36,Sumur Bor / Pompa,PLN 2200 VA+,Jamban Sendiri
124,3201010106241039,3201016005610012,Hesti Subagyo,Istri,Perempuan,Bogor,20/05/1961,63,Islam,Kawin,Tidak Bersekolah Lagi,Diploma (D1-D3),Bekerja,Karyawan BUMN,10350000,BPJS Non-PBI / Mandiri,Tidak,Jawa Barat,Kab. Bogor,Cibinong,Pabuaran,"Jl. Gatot Subroto No. 47, RT 002/RW 004",Milik Sendiri,36,Sumur Bor / Pompa,PLN 2200 VA+,Jamban Sendiri
125,3201010106241039,3201012001150038,Jamal Wibowo,Anak,Laki-laki,Bogor,20/01/2015,9,Islam,Belum Kawin,Masih Sekolah,SD / Sederajat,Tidak Bekerja,Belum / Tidak Bekerja,0,Asuransi Swasta,Tidak,Jawa Barat,Kab. Bogor,Cibinong,Pabuaran,"Jl. Gatot Subroto No. 47, RT 002/RW 004",Milik Sendiri,36,Sumur Bor / Pompa,PLN 2200 VA+,Jamban Sendiri
126,3201010106241039,3201010701040092,Wayan Wibowo,Anak,Laki-laki,Bogor,07/01/2004,20,Islam,Belum Kawin,Masih Sekolah,Sarjana (S1/D4),Sekolah,Pelajar / Mahasiswa,0,BPJS Non-PBI / Mandiri,Tidak,Jawa Barat,Kab. Bogor,Cibinong,Pabuaran,"Jl. Gatot Subroto No. 47, RT 002/RW 004",Milik Sendiri,36,Sumur Bor / Pompa,PLN 2200 VA+,Jamban Sendiri
127,3273010106241040,3273013009520060,Nyoman Hidayat,Kepala Keluarga,Laki-laki,Bandung,30/09/1952,71,Islam,Kawin,Tidak Bersekolah Lagi,SMA / SMK / MA,Pensiunan / Tidak Bekerja,Pensiunan,1500000,BPJS PBI (Bantuan Pemerintah),Tidak,Jawa Barat,Kota Bandung,Coblong,Dago,"Jl. Sudirman No. 102, RT 004/RW 003",Milik Sendiri,90,PAM / Ledeng,PLN 1300 VA,Jamban Sendiri
128,3273010106241040,3273014511510065,Tari Saputra,Istri,Perempuan,Bandung,05/11/1951,72,Islam,Kawin,Tidak Bersekolah Lagi,Sarjana (S1/D4),Mengurus Rumah Tangga,Mengurus Rumah Tangga,0,BPJS PBI (Bantuan Pemerintah),Tidak,Jawa Barat,Kota Bandung,Coblong,Dago,"Jl. Sudirman No. 102, RT 004/RW 003",Milik Sendiri,90,PAM / Ledeng,PLN 1300 VA,Jamban Sendiri
129,3273010106241040,3273016604030022,Eka Hidayat,Anak,Perempuan,Bandung,26/04/2003,21,Islam,Belum Kawin,Tidak Bersekolah Lagi,SMA / SMK / MA,Bekerja,Pengemudi Ojek Online / Transportasi,3450000,Asuransi Swasta,Tidak,Jawa Barat,Kota Bandung,Coblong,Dago,"Jl. Sudirman No. 102, RT 004/RW 003",Milik Sendiri,90,PAM / Ledeng,PLN 1300 VA,Jamban Sendiri
130,3578010106241041,3578011212590032,Ilham Setiawan,Kepala Keluarga,Laki-laki,Surabaya,12/12/1959,64,Islam,Kawin,Tidak Bersekolah Lagi,Diploma (D1-D3),Bekerja,Petani / Pekebun,2400000,BPJS Non-PBI / Mandiri,Tidak,Jawa Timur,Kota Surabaya,Gubeng,Airlangga,"Jl. Diponegoro No. 26, RT 014/RW 002",Milik Sendiri,200,Sumur Bor / Pompa,PLN 1300 VA,Jamban Sendiri
131,3578010106241041,3578015905650021,Sri Kusuma,Istri,Perempuan,Surabaya,19/05/1965,59,Islam,Kawin,Tidak Bersekolah Lagi,SMA / SMK / MA,Bekerja,Karyawan Swasta,6900000,BPJS Non-PBI / Mandiri,Tidak,Jawa Timur,Kota Surabaya,Gubeng,Airlangga,"Jl. Diponegoro No. 26, RT 014/RW 002",Milik Sendiri,200,Sumur Bor / Pompa,PLN 1300 VA,Jamban Sendiri
132,3578010106241041,3578015502030094,Tari Setiawan,Anak,Perempuan,Surabaya,15/02/2003,21,Islam,Belum Kawin,Tidak Bersekolah Lagi,Diploma (D1-D3),Bekerja,Karyawan Swasta,10700000,BPJS PBI (Bantuan Pemerintah),Tidak,Jawa Timur,Kota Surabaya,Gubeng,Airlangga,"Jl. Diponegoro No. 26, RT 014/RW 002",Milik Sendiri,200,Sumur Bor / Pompa,PLN 1300 VA,Jamban Sendiri
133,3578010106241041,3578015705040031,Ni Wayan Setiawan,Anak,Perempuan,Surabaya,17/05/2004,20,Islam,Belum Kawin,Masih Sekolah,Diploma (D1-D3),Sekolah,Pelajar / Mahasiswa,0,BPJS PBI (Bantuan Pemerintah),Tidak,Jawa Timur,Kota Surabaya,Gubeng,Airlangga,"Jl. Diponegoro No. 26, RT 014/RW 002",Milik Sendiri,200,Sumur Bor / Pompa,PLN 1300 VA,Jamban Sendiri
134,3578010106241041,3578017012020013,Ni Made Setiawan,Anak,Perempuan,Surabaya,30/12/2002,21,Islam,Belum Kawin,Tidak Bersekolah Lagi,SMA / SMK / MA,Bekerja,Pengemudi Ojek Online / Transportasi,5100000,Tidak Memiliki,Tidak,Jawa Timur,Kota Surabaya,Gubeng,Airlangga,"Jl. Diponegoro No. 26, RT 014/RW 002",Milik Sendiri,200,Sumur Bor / Pompa,PLN 1300 VA,Jamban Sendiri
135,3201010106241042,3201014808840094,Yuni Gunawan,Kepala Keluarga,Perempuan,Bogor,08/08/1984,39,Islam,Kawin,Tidak Bersekolah Lagi,SMP / Sederajat,Bekerja,Karyawan Swasta,5250000,BPJS Non-PBI / Mandiri,Tidak,Jawa Barat,Kab. Bogor,Cibinong,Pabuaran,"Jl. Garuda No. 93, RT 014/RW 006",Milik Sendiri,54,Sumur Bor / Pompa,PLN 900 VA,Jamban Sendiri
136,3201010106241042,3201010805900025,Untung Subagyo,Suami,Laki-laki,Bogor,08/05/1990,34,Islam,Kawin,Tidak Bersekolah Lagi,SMP / Sederajat,Bekerja,Karyawan Swasta,11000000,BPJS Non-PBI / Mandiri,Tidak,Jawa Barat,Kab. Bogor,Cibinong,Pabuaran,"Jl. Garuda No. 93, RT 014/RW 006",Milik Sendiri,54,Sumur Bor / Pompa,PLN 900 VA,Jamban Sendiri
137,3201010106241042,3201014109130036,Siti Gunawan,Anak,Perempuan,Bogor,01/09/2013,10,Islam,Belum Kawin,Masih Sekolah,SD / Sederajat,Tidak Bekerja,Belum / Tidak Bekerja,0,BPJS Non-PBI / Mandiri,Tidak,Jawa Barat,Kab. Bogor,Cibinong,Pabuaran,"Jl. Garuda No. 93, RT 014/RW 006",Milik Sendiri,54,Sumur Bor / Pompa,PLN 900 VA,Jamban Sendiri
138,3201010106241042,3201012603100079,Surya Gunawan,Anak,Laki-laki,Bogor,26/03/2010,14,Islam,Belum Kawin,Masih Sekolah,SMP / Sederajat,Tidak Bekerja,Belum / Tidak Bekerja,0,Tidak Memiliki,Tidak,Jawa Barat,Kab. Bogor,Cibinong,Pabuaran,"Jl. Garuda No. 93, RT 014/RW 006",Milik Sendiri,54,Sumur Bor / Pompa,PLN 900 VA,Jamban Sendiri
139,5171010106241043,5171012303660077,Agus Firmansyah,Kepala Keluarga,Laki-laki,Denpasar,23/03/1966,58,Islam,Kawin,Tidak Bersekolah Lagi,SMA / SMK / MA,Bekerja,Teknisi / Pengrajin,4950000,BPJS Non-PBI / Mandiri,Tidak,Bali,Kota Denpasar,Denpasar Selatan,Sanur Kaja,"Jl. Anggrek No. 47, RT 006/RW 006",Sewa / Kontrak,60,Sumur Bor / Pompa,PLN 450 VA,Jamban Sendiri
140,5171010106241043,5171016112610075,Gita Gunawan,Istri,Perempuan,Denpasar,21/12/1961,62,Islam,Kawin,Tidak Bersekolah Lagi,SMA / SMK / MA,Bekerja,Petani / Pekebun,3400000,BPJS PBI (Bantuan Pemerintah),Tidak,Bali,Kota Denpasar,Denpasar Selatan,Sanur Kaja,"Jl. Anggrek No. 47, RT 006/RW 006",Sewa / Kontrak,60,Sumur Bor / Pompa,PLN 450 VA,Jamban Sendiri
141,5171010106241043,5171015212040088,Ni Luh Firmansyah,Anak,Perempuan,Denpasar,12/12/2004,19,Islam,Belum Kawin,Masih Sekolah,SMA / SMK / MA,Sekolah,Pelajar / Mahasiswa,0,BPJS Non-PBI / Mandiri,Tidak,Bali,Kota Denpasar,Denpasar Selatan,Sanur Kaja,"Jl. Anggrek No. 47, RT 006/RW 006",Sewa / Kontrak,60,Sumur Bor / Pompa,PLN 450 VA,Jamban Sendiri
142,5171010106241043,5171015808000025,Tia Firmansyah,Anak,Perempuan,Denpasar,18/08/2000,23,Islam,Kawin,Tidak Bersekolah Lagi,SMA / SMK / MA,Bekerja,Karyawan Swasta,7050000,BPJS PBI (Bantuan Pemerintah),Tidak,Bali,Kota Denpasar,Denpasar Selatan,Sanur Kaja,"Jl. Anggrek No. 47, RT 006/RW 006",Sewa / Kontrak,60,Sumur Bor / Pompa,PLN 450 VA,Jamban Sendiri
143,5171010106241043,5171011512110065,Imam Firmansyah,Anak,Laki-laki,Denpasar,15/12/2011,12,Islam,Belum Kawin,Masih Sekolah,SD / Sederajat,Tidak Bekerja,Belum / Tidak Bekerja,0,Asuransi Swasta,Tidak,Bali,Kota Denpasar,Denpasar Selatan,Sanur Kaja,"Jl. Anggrek No. 47, RT 006/RW 006",Sewa / Kontrak,60,Sumur Bor / Pompa,PLN 450 VA,Jamban Sendiri
144,5171010106241043,5171016712040095,Nur Firmansyah,Anak,Perempuan,Denpasar,27/12/2004,19,Islam,Belum Kawin,Masih Sekolah,Sarjana (S1/D4),Sekolah,Pelajar / Mahasiswa,0,BPJS Non-PBI / Mandiri,Tidak,Bali,Kota Denpasar,Denpasar Selatan,Sanur Kaja,"Jl. Anggrek No. 47, RT 006/RW 006",Sewa / Kontrak,60,Sumur Bor / Pompa,PLN 450 VA,Jamban Sendiri
145,6471010106241044,6471011101830091,Rizal Sinaga,Kepala Keluarga,Laki-laki,Balikpapan,11/01/1983,41,Kristen Protestan,Kawin,Tidak Bersekolah Lagi,SMP / Sederajat,Bekerja,Petani / Pekebun,2450000,BPJS Non-PBI / Mandiri,Tidak,Kalimantan Timur,Kota Balikpapan,Balikpapan Kota,Klandasan Ulu,"Jl. Anggrek No. 49, RT 006/RW 008",Milik Sendiri,54,Sumur Bor / Pompa,PLN 1300 VA,Jamban Sendiri
146,6471010106241044,6471014702840093,Tia Tanjung,Istri,Perempuan,Balikpapan,07/02/1984,40,Kristen Protestan,Kawin,Tidak Bersekolah Lagi,SMP / Sederajat,Mengurus Rumah Tangga,Mengurus Rumah Tangga,0,BPJS PBI (Bantuan Pemerintah),Tidak,Kalimantan Timur,Kota Balikpapan,Balikpapan Kota,Klandasan Ulu,"Jl. Anggrek No. 49, RT 006/RW 008",Milik Sendiri,54,Sumur Bor / Pompa,PLN 1300 VA,Jamban Sendiri
147,5171010106241045,5171010804900084,Rahmat Batubara,Kepala Keluarga,Laki-laki,Denpasar,08/04/1990,34,Islam,Kawin,Tidak Bersekolah Lagi,Sarjana (S1/D4),Bekerja,Guru / Dosen,7800000,BPJS Non-PBI / Mandiri,Tidak,Bali,Kota Denpasar,Denpasar Selatan,Sanur Kaja,"Jl. Melati No. 38, RT 014/RW 006",Milik Sendiri,45,Sumur Bor / Pompa,PLN 900 VA,Jamban Sendiri
148,5171010106241045,5171017101860037,Mega Pratama,Istri,Perempuan,Denpasar,31/01/1986,38,Islam,Kawin,Tidak Bersekolah Lagi,SMP / Sederajat,Bekerja,Tenaga Kesehatan (Dokter/Perawat),6500000,BPJS PBI (Bantuan Pemerintah),Tidak,Bali,Kota Denpasar,Denpasar Selatan,Sanur Kaja,"Jl. Melati No. 38, RT 014/RW 006",Milik Sendiri,45,Sumur Bor / Pompa,PLN 900 VA,Jamban Sendiri
149,5171010106241045,5171010302130095,Eko Batubara,Anak,Laki-laki,Denpasar,03/02/2013,11,Islam,Belum Kawin,Masih Sekolah,SD / Sederajat,Tidak Bekerja,Belum / Tidak Bekerja,0,Asuransi Swasta,Tidak,Bali,Kota Denpasar,Denpasar Selatan,Sanur Kaja,"Jl. Melati No. 38, RT 014/RW 006",Milik Sendiri,45,Sumur Bor / Pompa,PLN 900 VA,Jamban Sendiri
150,5171010106241045,5171011512160023,Made Batubara,Anak,Laki-laki,Denpasar,15/12/2016,7,Islam,Belum Kawin,Masih Sekolah,SD / Sederajat,Tidak Bekerja,Belum / Tidak Bekerja,0,BPJS Non-PBI / Mandiri,Tidak,Bali,Kota Denpasar,Denpasar Selatan,Sanur Kaja,"Jl. Melati No. 38, RT 014/RW 006",Milik Sendiri,45,Sumur Bor / Pompa,PLN 900 VA,Jamban Sendiri
151,5171010106241045,5171013005680005,Rizal Lestari,Orang Tua / Mertua,Laki-laki,Denpasar,30/05/1968,56,Islam,Cerai Mati,Tidak Bersekolah Lagi,Magister (S2),Bekerja,Karyawan Swasta,12800000,BPJS Non-PBI / Mandiri,Tidak,Bali,Kota Denpasar,Denpasar Selatan,Sanur Kaja,"Jl. Melati No. 38, RT 014/RW 006",Milik Sendiri,45,Sumur Bor / Pompa,PLN 900 VA,Jamban Sendiri
152,3578010106241046,3578010604860052,Bambang Wibowo,Kepala Keluarga,Laki-laki,Surabaya,06/04/1986,38,Islam,Kawin,Tidak Bersekolah Lagi,SMA / SMK / MA,Bekerja,Karyawan Swasta,6850000,Asuransi Swasta,Tidak,Jawa Timur,Kota Surabaya,Gubeng,Airlangga,"Jl. Merdeka No. 39, RT 015/RW 001",Milik Sendiri,45,PAM / Ledeng,PLN 900 VA,Jamban Sendiri
153,3578010106241046,3578015110880001,Nita Utomo,Istri,Perempuan,Surabaya,11/10/1988,35,Islam,Kawin,Tidak Bersekolah Lagi,SMP / Sederajat,Mengurus Rumah Tangga,Mengurus Rumah Tangga,0,Tidak Memiliki,Tidak,Jawa Timur,Kota Surabaya,Gubeng,Airlangga,"Jl. Merdeka No. 39, RT 015/RW 001",Milik Sendiri,45,PAM / Ledeng,PLN 900 VA,Jamban Sendiri
154,3578010106241046,3578015608130039,Indah Wibowo,Anak,Perempuan,Surabaya,16/08/2013,10,Islam,Belum Kawin,Masih Sekolah,SD / Sederajat,Tidak Bekerja,Belum / Tidak Bekerja,0,BPJS Non-PBI / Mandiri,Tidak,Jawa Timur,Kota Surabaya,Gubeng,Airlangga,"Jl. Merdeka No. 39, RT 015/RW 001",Milik Sendiri,45,PAM / Ledeng,PLN 900 VA,Jamban Sendiri
155,3578010106241046,3578012710590034,Ketut Koto,Orang Tua / Mertua,Laki-laki,Surabaya,27/10/1959,64,Islam,Kawin,Tidak Bersekolah Lagi,SMA / SMK / MA,Bekerja,Petani / Pekebun,1950000,BPJS Non-PBI / Mandiri,Tidak,Jawa Timur,Kota Surabaya,Gubeng,Airlangga,"Jl. Merdeka No. 39, RT 015/RW 001",Milik Sendiri,45,PAM / Ledeng,PLN 900 VA,Jamban Sendiri
156,3201010106241047,3201013108670074,Oki Tarigan,Kepala Keluarga,Laki-laki,Bogor,31/08/1967,56,Islam,Kawin,Tidak Bersekolah Lagi,SMA / SMK / MA,Bekerja,Karyawan Swasta,13250000,BPJS Non-PBI / Mandiri,Tidak,Jawa Barat,Kab. Bogor,Cibinong,Pabuaran,"Jl. Diponegoro No. 89, RT 007/RW 009",Milik Sendiri,72,PAM / Ledeng,PLN 2200 VA+,Jamban Sendiri
157,3201010106241047,3201016204700092,Andi Tenri Handayani,Istri,Perempuan,Bogor,22/04/1970,54,Islam,Kawin,Tidak Bersekolah Lagi,SMA / SMK / MA,Mengurus Rumah Tangga,Mengurus Rumah Tangga,0,BPJS Non-PBI / Mandiri,Tidak,Jawa Barat,Kab. Bogor,Cibinong,Pabuaran,"Jl. Diponegoro No. 89, RT 007/RW 009",Milik Sendiri,72,PAM / Ledeng,PLN 2200 VA+,Jamban Sendiri
158,3201010106241047,3201015808200059,Dian Tarigan,Anak,Perempuan,Bogor,18/08/2020,3,Islam,Belum Kawin,Belum Pernah Sekolah,Tidak / Belum Sekolah,Tidak Bekerja,Belum / Tidak Bekerja,0,BPJS PBI (Bantuan Pemerintah),Tidak,Jawa Barat,Kab. Bogor,Cibinong,Pabuaran,"Jl. Diponegoro No. 89, RT 007/RW 009",Milik Sendiri,72,PAM / Ledeng,PLN 2200 VA+,Jamban Sendiri
159,3201010106241047,3201012608960073,Ketut Tarigan,Anak,Laki-laki,Bogor,26/08/1996,27,Islam,Belum Kawin,Tidak Bersekolah Lagi,SD / Sederajat,Bekerja,Wiraswasta / Pedagang,8150000,BPJS PBI (Bantuan Pemerintah),Tidak,Jawa Barat,Kab. Bogor,Cibinong,Pabuaran,"Jl. Diponegoro No. 89, RT 007/RW 009",Milik Sendiri,72,PAM / Ledeng,PLN 2200 VA+,Jamban Sendiri
160,3174010106241048,3174013010890023,Dedi Firmansyah,Kepala Keluarga,Laki-laki,Jakarta Selatan,30/10/1989,34,Buddha,Kawin,Tidak Bersekolah Lagi,Magister (S2),Bekerja,Karyawan Swasta,6650000,BPJS PBI (Bantuan Pemerintah),Tidak,DKI Jakarta,Kota Jakarta Selatan,Tebet,Tebet Timur,"Jl. Garuda No. 10, RT 012/RW 004",Milik Sendiri,90,Sumur Bor / Pompa,PLN 450 VA,Jamban Sendiri
161,3174010106241048,3174015610880001,Ayu Wardhana,Istri,Perempuan,Jakarta Selatan,16/10/1988,35,Buddha,Kawin,Tidak Bersekolah Lagi,SMA / SMK / MA,Bekerja,Wiraswasta / Pedagang,10100000,BPJS Non-PBI / Mandiri,Tidak,DKI Jakarta,Kota Jakarta Selatan,Tebet,Tebet Timur,"Jl. Garuda No. 10, RT 012/RW 004",Milik Sendiri,90,Sumur Bor / Pompa,PLN 450 VA,Jamban Sendiri
162,3174010106241048,3174010612120032,Imam Firmansyah,Anak,Laki-laki,Jakarta Selatan,06/12/2012,11,Buddha,Belum Kawin,Masih Sekolah,SD / Sederajat,Tidak Bekerja,Belum / Tidak Bekerja,0,BPJS PBI (Bantuan Pemerintah),Tidak,DKI Jakarta,Kota Jakarta Selatan,Tebet,Tebet Timur,"Jl. Garuda No. 10, RT 012/RW 004",Milik Sendiri,90,Sumur Bor / Pompa,PLN 450 VA,Jamban Sendiri
163,3374010106241049,3374010302700039,Andi Pratama,Kepala Keluarga,Laki-laki,Semarang,03/02/1970,54,Islam,Kawin,Tidak Bersekolah Lagi,Sarjana (S1/D4),Bekerja,Karyawan BUMN,13250000,BPJS PBI (Bantuan Pemerintah),Tidak,Jawa Tengah,Kota Semarang,Banyumanik,Srondol Kulon,"Jl. Merdeka No. 104, RT 015/RW 002",Milik Sendiri,36,PAM / Ledeng,PLN 1300 VA,Jamban Sendiri
164,3374010106241049,3374014405720008,Endah Tanjung,Istri,Perempuan,Semarang,04/05/1972,52,Islam,Kawin,Tidak Bersekolah Lagi,SMA / SMK / MA,Bekerja,Petani / Pekebun,2150000,BPJS PBI (Bantuan Pemerintah),Tidak,Jawa Tengah,Kota Semarang,Banyumanik,Srondol Kulon,"Jl. Merdeka No. 104, RT 015/RW 002",Milik Sendiri,36,PAM / Ledeng,PLN 1300 VA,Jamban Sendiri
165,3374010106241049,3374016012040064,Mega Pratama,Anak,Perempuan,Semarang,20/12/2004,19,Islam,Belum Kawin,Tidak Bersekolah Lagi,SMA / SMK / MA,Bekerja,Pengemudi Ojek Online / Transportasi,5300000,BPJS Non-PBI / Mandiri,Tidak,Jawa Tengah,Kota Semarang,Banyumanik,Srondol Kulon,"Jl. Merdeka No. 104, RT 015/RW 002",Milik Sendiri,36,PAM / Ledeng,PLN 1300 VA,Jamban Sendiri
166,5171010106241050,5171014409620069,Endah Pratama,Kepala Keluarga,Perempuan,Denpasar,04/09/1962,61,Islam,Kawin,Tidak Bersekolah Lagi,SMA / SMK / MA,Bekerja,Karyawan Swasta,9000000,BPJS Non-PBI / Mandiri,Tidak,Bali,Kota Denpasar,Denpasar Selatan,Sanur Kaja,"Jl. Diponegoro No. 49, RT 007/RW 003",Milik Sendiri,200,Sumur Terlindung,PLN 900 VA,Jamban Sendiri
167,5171010106241050,5171012901620006,Surya Nasution,Suami,Laki-laki,Denpasar,29/01/1962,62,Islam,Kawin,Tidak Bersekolah Lagi,Sarjana (S1/D4),Bekerja,Karyawan Swasta,13900000,BPJS PBI (Bantuan Pemerintah),Tidak,Bali,Kota Denpasar,Denpasar Selatan,Sanur Kaja,"Jl. Diponegoro No. 49, RT 007/RW 003",Milik Sendiri,200,Sumur Terlindung,PLN 900 VA,Jamban Sendiri
168,5171010106241050,5171011510930043,Dedi Pratama,Anak,Laki-laki,Denpasar,15/10/1993,30,Islam,Belum Kawin,Tidak Bersekolah Lagi,SMP / Sederajat,Bekerja,Tenaga Kesehatan (Dokter/Perawat),8550000,Tidak Memiliki,Tidak,Bali,Kota Denpasar,Denpasar Selatan,Sanur Kaja,"Jl. Diponegoro No. 49, RT 007/RW 003",Milik Sendiri,200,Sumur Terlindung,PLN 900 VA,Jamban Sendiri
169,3273010106241051,3273010710660003,Hendra Ginting,Kepala Keluarga,Laki-laki,Bandung,07/10/1966,57,Islam,Kawin,Tidak Bersekolah Lagi,SMP / Sederajat,Bekerja,Pengemudi Ojek Online / Transportasi,4950000,BPJS PBI (Bantuan Pemerintah),Tidak,Jawa Barat,Kota Bandung,Coblong,Dago,"Jl. Sudirman No. 90, RT 012/RW 008",Milik Sendiri,60,PAM / Ledeng,PLN 900 VA,Jamban Sendiri
170,3273010106241051,3273016112640026,Kartika Tarigan,Istri,Perempuan,Bandung,21/12/1964,59,Islam,Kawin,Tidak Bersekolah Lagi,SMP / Sederajat,Mengurus Rumah Tangga,Mengurus Rumah Tangga,0,BPJS Non-PBI / Mandiri,Tidak,Jawa Barat,Kota Bandung,Coblong,Dago,"Jl. Sudirman No. 90, RT 012/RW 008",Milik Sendiri,60,PAM / Ledeng,PLN 900 VA,Jamban Sendiri
171,3273010106241051,3273010902050084,Kurniawan Ginting,Anak,Laki-laki,Bandung,09/02/2005,19,Islam,Belum Kawin,Tidak Bersekolah Lagi,Sarjana (S1/D4),Bekerja,Karyawan Swasta,12700000,BPJS Non-PBI / Mandiri,Tidak,Jawa Barat,Kota Bandung,Coblong,Dago,"Jl. Sudirman No. 90, RT 012/RW 008",Milik Sendiri,60,PAM / Ledeng,PLN 900 VA,Jamban Sendiri
172,7371010106241052,7371010805560018,Ahmad Kusuma,Kepala Keluarga,Laki-laki,Makassar,08/05/1956,68,Islam,Cerai Hidup,Tidak Bersekolah Lagi,Diploma (D1-D3),Pensiunan / Tidak Bekerja,Pensiunan,1500000,BPJS Non-PBI / Mandiri,Tidak,Sulawesi Selatan,Kota Makassar,Panakkukang,Pannampu,"Jl. Gatot Subroto No. 22, RT 008/RW 003",Milik Sendiri,200,Mata Air,PLN 1300 VA,Jamban Sendiri
173,1271010106241053,1271012510540011,Muhammad Tanjung,Kepala Keluarga,Laki-laki,Medan,25/10/1954,69,Islam,Kawin,Tidak Bersekolah Lagi,SMP / Sederajat,Pensiunan / Tidak Bekerja,Pensiunan,1500000,BPJS PBI (Bantuan Pemerintah),Tunanetra,Sumatera Utara,Kota Medan,Medan Baru,Padang Bulan,"Jl. Garuda No. 117, RT 001/RW 010",Milik Sendiri,150,Sumur Bor / Pompa,PLN 900 VA,Jamban Sendiri
174,1271010106241053,1271015404590011,Andi Tenri Setiawan,Istri,Perempuan,Medan,14/04/1959,65,Islam,Kawin,Tidak Bersekolah Lagi,SMA / SMK / MA,Bekerja,Petani / Pekebun,3200000,BPJS Non-PBI / Mandiri,Tidak,Sumatera Utara,Kota Medan,Medan Baru,Padang Bulan,"Jl. Garuda No. 117, RT 001/RW 010",Milik Sendiri,150,Sumur Bor / Pompa,PLN 900 VA,Jamban Sendiri
175,1271010106241053,1271014312960008,Ratna Tanjung,Anak,Perempuan,Medan,03/12/1996,27,Islam,Kawin,Tidak Bersekolah Lagi,SMA / SMK / MA,Bekerja,Petani / Pekebun,1950000,BPJS PBI (Bantuan Pemerintah),Tidak,Sumatera Utara,Kota Medan,Medan Baru,Padang Bulan,"Jl. Garuda No. 117, RT 001/RW 010",Milik Sendiri,150,Sumur Bor / Pompa,PLN 900 VA,Jamban Sendiri
176,1271010106241054,1271010203960013,Agus Batubara,Kepala Keluarga,Laki-laki,Medan,02/03/1996,28,Katolik,Kawin,Tidak Bersekolah Lagi,SMA / SMK / MA,Bekerja,Guru / Dosen,6650000,BPJS Non-PBI / Mandiri,Tidak,Sumatera Utara,Kota Medan,Medan Baru,Padang Bulan,"Jl. Anggrek No. 118, RT 010/RW 002",Milik Sendiri,60,Sumur Bor / Pompa,PLN 1300 VA,Jamban Sendiri
177,1271010106241054,1271015602010077,Kusuma Setiawan,Istri,Perempuan,Medan,16/02/2001,23,Katolik,Kawin,Tidak Bersekolah Lagi,Diploma (D1-D3),Mengurus Rumah Tangga,Mengurus Rumah Tangga,0,Tidak Memiliki,Tidak,Sumatera Utara,Kota Medan,Medan Baru,Padang Bulan,"Jl. Anggrek No. 118, RT 010/RW 002",Milik Sendiri,60,Sumur Bor / Pompa,PLN 1300 VA,Jamban Sendiri
178,1271010106241054,1271017112210063,Gita Batubara,Anak,Perempuan,Medan,31/12/2021,2,Katolik,Belum Kawin,Belum Pernah Sekolah,Tidak / Belum Sekolah,Tidak Bekerja,Belum / Tidak Bekerja,0,BPJS Non-PBI / Mandiri,Tidak,Sumatera Utara,Kota Medan,Medan Baru,Padang Bulan,"Jl. Anggrek No. 118, RT 010/RW 002",Milik Sendiri,60,Sumur Bor / Pompa,PLN 1300 VA,Jamban Sendiri
179,1271010106241054,1271013008160049,Bambang Batubara,Anak,Laki-laki,Medan,30/08/2016,7,Katolik,Belum Kawin,Masih Sekolah,SD / Sederajat,Tidak Bekerja,Belum / Tidak Bekerja,0,BPJS Non-PBI / Mandiri,Tidak,Sumatera Utara,Kota Medan,Medan Baru,Padang Bulan,"Jl. Anggrek No. 118, RT 010/RW 002",Milik Sendiri,60,Sumur Bor / Pompa,PLN 1300 VA,Jamban Sendiri
180,1271010106241054,1271016304740085,Ni Luh Ginting,Orang Tua / Mertua,Perempuan,Medan,23/04/1974,50,Katolik,Kawin,Tidak Bersekolah Lagi,SMA / SMK / MA,Bekerja,Buruh Harian Lepas,2400000,BPJS Non-PBI / Mandiri,Tidak,Sumatera Utara,Kota Medan,Medan Baru,Padang Bulan,"Jl. Anggrek No. 118, RT 010/RW 002",Milik Sendiri,60,Sumur Bor / Pompa,PLN 1300 VA,Jamban Sendiri
181,3273010106241055,3273012702930072,Irfan Tarigan,Kepala Keluarga,Laki-laki,Bandung,27/02/1993,31,Islam,Cerai Hidup,Tidak Bersekolah Lagi,SMA / SMK / MA,Bekerja,Karyawan Swasta,4950000,BPJS Non-PBI / Mandiri,Tidak,Jawa Barat,Kota Bandung,Coblong,Dago,"Jl. Pahlawan No. 92, RT 005/RW 003",Sewa / Kontrak,54,PAM / Ledeng,PLN 450 VA,Jamban Sendiri
182,1371010106241056,1371013012800056,Tri Lestari,Kepala Keluarga,Laki-laki,Padang,30/12/1980,43,Islam,Kawin,Tidak Bersekolah Lagi,SMP / Sederajat,Bekerja,Karyawan Swasta,5800000,Asuransi Swasta,Tidak,Sumatera Barat,Kota Padang,Padang Barat,Flamboyan Baru,"Jl. Pahlawan No. 2, RT 010/RW 006",Milik Sendiri,120,Sumur Bor / Pompa,PLN 1300 VA,Bukan Jamban Sendiri
183,1371010106241056,1371016003790093,Rina Lestari,Istri,Perempuan,Padang,20/03/1979,45,Islam,Kawin,Tidak Bersekolah Lagi,SMA / SMK / MA,Bekerja,Karyawan Swasta,6300000,BPJS PBI (Bantuan Pemerintah),Tidak,Sumatera Barat,Kota Padang,Padang Barat,Flamboyan Baru,"Jl. Pahlawan No. 2, RT 010/RW 006",Milik Sendiri,120,Sumur Bor / Pompa,PLN 1300 VA,Bukan Jamban Sendiri
184,5171010106241057,5171012412670074,Muhammad Koto,Kepala Keluarga,Laki-laki,Denpasar,24/12/1967,56,Islam,Kawin,Tidak Bersekolah Lagi,Diploma (D1-D3),Bekerja,Karyawan Swasta,9200000,BPJS PBI (Bantuan Pemerintah),Tidak,Bali,Kota Denpasar,Denpasar Selatan,Sanur Kaja,"Jl. Pahlawan No. 103, RT 006/RW 010",Sewa / Kontrak,150,Sumur Terlindung,PLN 2200 VA+,Jamban Bersama
185,5171010106241057,5171016112660015,Sari Subagyo,Istri,Perempuan,Denpasar,21/12/1966,57,Islam,Kawin,Tidak Bersekolah Lagi,Sarjana (S1/D4),Mengurus Rumah Tangga,Mengurus Rumah Tangga,0,BPJS Non-PBI / Mandiri,Tunanetra,Bali,Kota Denpasar,Denpasar Selatan,Sanur Kaja,"Jl. Pahlawan No. 103, RT 006/RW 010",Sewa / Kontrak,150,Sumur Terlindung,PLN 2200 VA+,Jamban Bersama
186,6471010106241058,6471012111700022,Fajar Simanjuntak,Kepala Keluarga,Laki-laki,Balikpapan,21/11/1970,53,Islam,Kawin,Tidak Bersekolah Lagi,SMA / SMK / MA,Bekerja,Pegawai Negeri Sipil (PNS),7150000,BPJS PBI (Bantuan Pemerintah),Tidak,Kalimantan Timur,Kota Balikpapan,Balikpapan Kota,Klandasan Ulu,"Jl. Sudirman No. 57, RT 001/RW 008",Sewa / Kontrak,45,Sumur Terlindung,PLN 900 VA,Jamban Sendiri
187,6471010106241058,6471017009680056,Kusuma Gunawan,Istri,Perempuan,Balikpapan,30/09/1968,55,Islam,Kawin,Tidak Bersekolah Lagi,SD / Sederajat,Mengurus Rumah Tangga,Mengurus Rumah Tangga,0,BPJS Non-PBI / Mandiri,Tidak,Kalimantan Timur,Kota Balikpapan,Balikpapan Kota,Klandasan Ulu,"Jl. Sudirman No. 57, RT 001/RW 008",Sewa / Kontrak,45,Sumur Terlindung,PLN 900 VA,Jamban Sendiri
188,6471010106241058,6471015505060072,Zahra Simanjuntak,Anak,Perempuan,Balikpapan,15/05/2006,18,Islam,Belum Kawin,Masih Sekolah,SMA / SMK / MA,Sekolah,Pelajar / Mahasiswa,0,BPJS PBI (Bantuan Pemerintah),Tidak,Kalimantan Timur,Kota Balikpapan,Balikpapan Kota,Klandasan Ulu,"Jl. Sudirman No. 57, RT 001/RW 008",Sewa / Kontrak,45,Sumur Terlindung,PLN 900 VA,Jamban Sendiri
189,6471010106241058,6471012601200099,Cahyo Simanjuntak,Anak,Laki-laki,Balikpapan,26/01/2020,4,Islam,Belum Kawin,Belum Pernah Sekolah,Tidak / Belum Sekolah,Tidak Bekerja,Belum / Tidak Bekerja,0,BPJS Non-PBI / Mandiri,Tidak,Kalimantan Timur,Kota Balikpapan,Balikpapan Kota,Klandasan Ulu,"Jl. Sudirman No. 57, RT 001/RW 008",Sewa / Kontrak,45,Sumur Terlindung,PLN 900 VA,Jamban Sendiri
190,3201010106241059,3201012110910072,Jamal Nasution,Kepala Keluarga,Laki-laki,Bogor,21/10/1991,32,Islam,Kawin,Tidak Bersekolah Lagi,SMA / SMK / MA,Bekerja,Wiraswasta / Pedagang,9800000,BPJS PBI (Bantuan Pemerintah),Tidak,Jawa Barat,Kab. Bogor,Cibinong,Pabuaran,"Jl. Kenanga No. 14, RT 006/RW 001",Milik Sendiri,45,Mata Air,PLN 450 VA,Jamban Sendiri
191,3201010106241059,3201016804920085,Tia Kusuma,Istri,Perempuan,Bogor,28/04/1992,32,Islam,Kawin,Tidak Bersekolah Lagi,SMA / SMK / MA,Mengurus Rumah Tangga,Mengurus Rumah Tangga,0,BPJS PBI (Bantuan Pemerintah),Tidak,Jawa Barat,Kab. Bogor,Cibinong,Pabuaran,"Jl. Kenanga No. 14, RT 006/RW 001",Milik Sendiri,45,Mata Air,PLN 450 VA,Jamban Sendiri
192,3201010106241059,3201010912220076,Hendra Nasution,Anak,Laki-laki,Bogor,09/12/2022,1,Islam,Belum Kawin,Belum Pernah Sekolah,Tidak / Belum Sekolah,Tidak Bekerja,Belum / Tidak Bekerja,0,BPJS PBI (Bantuan Pemerintah),Tidak,Jawa Barat,Kab. Bogor,Cibinong,Pabuaran,"Jl. Kenanga No. 14, RT 006/RW 001",Milik Sendiri,45,Mata Air,PLN 450 VA,Jamban Sendiri
193,3201010106241059,3201012901120028,Nyoman Nasution,Anak,Laki-laki,Bogor,29/01/2012,12,Islam,Belum Kawin,Masih Sekolah,SD / Sederajat,Tidak Bekerja,Belum / Tidak Bekerja,0,BPJS Non-PBI / Mandiri,Tidak,Jawa Barat,Kab. Bogor,Cibinong,Pabuaran,"Jl. Kenanga No. 14, RT 006/RW 001",Milik Sendiri,45,Mata Air,PLN 450 VA,Jamban Sendiri
194,3201010106241059,3201011303150009,Bambang Nasution,Anak,Laki-laki,Bogor,13/03/2015,9,Islam,Belum Kawin,Masih Sekolah,SD / Sederajat,Tidak Bekerja,Belum / Tidak Bekerja,0,BPJS Non-PBI / Mandiri,Tidak,Jawa Barat,Kab. Bogor,Cibinong,Pabuaran,"Jl. Kenanga No. 14, RT 006/RW 001",Milik Sendiri,45,Mata Air,PLN 450 VA,Jamban Sendiri
195,6471010106241060,6471010603690089,Wahyu Gunawan,Kepala Keluarga,Laki-laki,Balikpapan,06/03/1969,55,Islam,Kawin,Tidak Bersekolah Lagi,SD / Sederajat,Bekerja,Karyawan Swasta,6800000,BPJS PBI (Bantuan Pemerintah),Tidak,Kalimantan Timur,Kota Balikpapan,Balikpapan Kota,Klandasan Ulu,"Jl. Gatot Subroto No. 26, RT 003/RW 006",Milik Sendiri,72,Sumur Bor / Pompa,PLN 2200 VA+,Jamban Sendiri
196,6471010106241060,6471016004650063,Endah Koto,Istri,Perempuan,Balikpapan,20/04/1965,59,Islam,Kawin,Tidak Bersekolah Lagi,SMA / SMK / MA,Bekerja,Wiraswasta / Pedagang,5900000,BPJS Non-PBI / Mandiri,Tidak,Kalimantan Timur,Kota Balikpapan,Balikpapan Kota,Klandasan Ulu,"Jl. Gatot Subroto No. 26, RT 003/RW 006",Milik Sendiri,72,Sumur Bor / Pompa,PLN 2200 VA+,Jamban Sendiri
197,6471010106241060,6471016902200018,Zahra Gunawan,Anak,Perempuan,Balikpapan,29/02/2020,4,Islam,Belum Kawin,Belum Pernah Sekolah,Tidak / Belum Sekolah,Tidak Bekerja,Belum / Tidak Bekerja,0,BPJS Non-PBI / Mandiri,Tidak,Kalimantan Timur,Kota Balikpapan,Balikpapan Kota,Klandasan Ulu,"Jl. Gatot Subroto No. 26, RT 003/RW 006",Milik Sendiri,72,Sumur Bor / Pompa,PLN 2200 VA+,Jamban Sendiri
198,1371010106241061,1371011002970066,Untung Handayani,Kepala Keluarga,Laki-laki,Padang,10/02/1997,27,Islam,Kawin,Tidak Bersekolah Lagi,SD / Sederajat,Bekerja,Karyawan Swasta,13600000,BPJS PBI (Bantuan Pemerintah),Tidak,Sumatera Barat,Kota Padang,Padang Barat,Flamboyan Baru,"Jl. Merdeka No. 63, RT 001/RW 006",Milik Sendiri,120,Sumur Bor / Pompa,PLN 900 VA,Jamban Sendiri
199,1371010106241061,1371015301020097,Lestari Tanjung,Istri,Perempuan,Padang,13/01/2002,22,Islam,Kawin,Tidak Bersekolah Lagi,SMA / SMK / MA,Bekerja,Karyawan BUMN,6200000,BPJS Non-PBI / Mandiri,Tidak,Sumatera Barat,Kota Padang,Padang Barat,Flamboyan Baru,"Jl. Merdeka No. 63, RT 001/RW 006",Milik Sendiri,120,Sumur Bor / Pompa,PLN 900 VA,Jamban Sendiri
200,1371010106241061,1371016209180032,Maya Handayani,Anak,Perempuan,Padang,22/09/2018,5,Islam,Belum Kawin,Masih Sekolah,PAUD / TK,Tidak Bekerja,Belum / Tidak Bekerja,0,Tidak Memiliki,Tidak,Sumatera Barat,Kota Padang,Padang Barat,Flamboyan Baru,"Jl. Merdeka No. 63, RT 001/RW 006",Milik Sendiri,120,Sumur Bor / Pompa,PLN 900 VA,Jamban Sendiri
